site_id,product_id,production_date,quantity_produced,production_duration_minutes
1,1,2025-01-01,120,360
1,2,2025-01-01,154,264
2,3,2025-01-01,4,240
2,4,2025-01-01,11,330
3,5,2025-01-01,222,296
3,6,2025-01-01,307,263
4,7,2025-01-01,53,212
4,8,2025-01-01,83,249
5,9,2025-01-01,1258,419
5,10,2025-01-01,544,218
1,1,2025-01-02,117,351
1,2,2025-01-02,194,333
2,3,2025-01-02,4,240
2,4,2025-01-02,7,210
3,5,2025-01-02,183,244
3,6,2025-01-02,305,261
4,7,2025-01-02,59,236
4,8,2025-01-02,134,402
5,9,2025-01-02,727,242
5,10,2025-01-02,787,315
1,1,2025-01-03,92,276
1,2,2025-01-03,231,396
2,3,2025-01-03,10,600
2,4,2025-01-03,15,450
3,5,2025-01-03,267,356
3,6,2025-01-03,306,262
4,7,2025-01-03,73,292
4,8,2025-01-03,105,315
5,9,2025-01-03,706,235
5,10,2025-01-03,888,355
1,1,2025-01-04,79,237
1,2,2025-01-04,96,165
2,3,2025-01-04,6,360
2,4,2025-01-04,8,240
3,5,2025-01-04,148,197
3,6,2025-01-04,193,165
4,7,2025-01-04,32,128
4,8,2025-01-04,58,174
5,9,2025-01-04,626,209
5,10,2025-01-04,331,132
1,1,2025-01-06,87,261
1,2,2025-01-06,188,322
2,3,2025-01-06,4,240
2,4,2025-01-06,15,450
3,5,2025-01-06,235,313
3,6,2025-01-06,410,351
4,7,2025-01-06,84,336
4,8,2025-01-06,116,348
5,9,2025-01-06,1291,430
5,10,2025-01-06,598,239
1,1,2025-01-07,125,375
1,2,2025-01-07,148,254
2,3,2025-01-07,4,240
2,4,2025-01-07,10,300
3,5,2025-01-07,234,312
3,6,2025-01-07,270,231
4,7,2025-01-07,59,236
4,8,2025-01-07,82,246
5,9,2025-01-07,1089,363
5,10,2025-01-07,642,257
1,1,2025-01-08,109,327
1,2,2025-01-08,221,379
2,3,2025-01-08,11,660
2,4,2025-01-08,12,360
3,5,2025-01-08,201,268
3,6,2025-01-08,344,295
4,7,2025-01-08,67,268
4,8,2025-01-08,96,288
5,9,2025-01-08,973,324
5,10,2025-01-08,859,344
1,1,2025-01-09,139,417
1,2,2025-01-09,227,389
2,3,2025-01-09,10,600
2,4,2025-01-09,8,240
3,5,2025-01-09,203,271
3,6,2025-01-09,386,331
4,7,2025-01-09,60,240
4,8,2025-01-09,90,270
5,9,2025-01-09,1173,391
5,10,2025-01-09,694,278
1,1,2025-01-10,97,291
1,2,2025-01-10,221,379
2,3,2025-01-10,10,600
2,4,2025-01-10,15,450
3,5,2025-01-10,216,288
3,6,2025-01-10,425,364
4,7,2025-01-10,65,260
4,8,2025-01-10,77,231
5,9,2025-01-10,934,311
5,10,2025-01-10,920,368
1,1,2025-01-11,49,147
1,2,2025-01-11,108,185
2,3,2025-01-11,4,240
2,4,2025-01-11,7,210
3,5,2025-01-11,106,141
3,6,2025-01-11,182,156
4,7,2025-01-11,49,196
4,8,2025-01-11,66,198
5,9,2025-01-11,550,183
5,10,2025-01-11,501,200
1,1,2025-01-13,96,288
1,2,2025-01-13,235,403
2,3,2025-01-13,9,540
2,4,2025-01-13,13,390
3,5,2025-01-13,262,349
3,6,2025-01-13,342,293
4,7,2025-01-13,59,236
4,8,2025-01-13,87,261
5,9,2025-01-13,1221,407
5,10,2025-01-13,752,301
1,1,2025-01-14,85,255
1,2,2025-01-14,236,405
2,3,2025-01-14,4,240
2,4,2025-01-14,8,240
3,5,2025-01-14,199,265
3,6,2025-01-14,410,351
4,7,2025-01-14,55,220
4,8,2025-01-14,124,372
5,9,2025-01-14,765,255
5,10,2025-01-14,697,279
1,1,2025-01-15,104,312
1,2,2025-01-15,216,370
2,3,2025-01-15,8,480
2,4,2025-01-15,15,450
3,5,2025-01-15,224,299
3,6,2025-01-15,391,335
4,7,2025-01-15,45,180
4,8,2025-01-15,84,252
5,9,2025-01-15,1249,416
5,10,2025-01-15,884,354
1,1,2025-01-16,97,291
1,2,2025-01-16,238,408
2,3,2025-01-16,10,600
2,4,2025-01-16,12,360
3,5,2025-01-16,188,251
3,6,2025-01-16,325,279
4,7,2025-01-16,72,288
4,8,2025-01-16,90,270
5,9,2025-01-16,1164,388
5,10,2025-01-16,501,200
1,1,2025-01-17,126,378
1,2,2025-01-17,232,398
2,3,2025-01-17,7,420
2,4,2025-01-17,15,450
3,5,2025-01-17,205,273
3,6,2025-01-17,379,325
4,7,2025-01-17,51,204
4,8,2025-01-17,108,324
5,9,2025-01-17,1219,406
5,10,2025-01-17,811,324
1,1,2025-01-18,55,165
1,2,2025-01-18,95,163
2,3,2025-01-18,4,240
2,4,2025-01-18,6,180
3,5,2025-01-18,179,239
3,6,2025-01-18,269,231
4,7,2025-01-18,47,188
4,8,2025-01-18,42,126
5,9,2025-01-18,619,206
5,10,2025-01-18,450,180
1,1,2025-01-20,111,333
1,2,2025-01-20,148,254
2,3,2025-01-20,11,660
2,4,2025-01-20,15,450
3,5,2025-01-20,192,256
3,6,2025-01-20,282,242
4,7,2025-01-20,87,348
4,8,2025-01-20,130,390
5,9,2025-01-20,1262,421
5,10,2025-01-20,584,234
1,1,2025-01-21,96,288
1,2,2025-01-21,207,355
2,3,2025-01-21,11,660
2,4,2025-01-21,13,390
3,5,2025-01-21,214,285
3,6,2025-01-21,388,333
4,7,2025-01-21,89,356
4,8,2025-01-21,95,285
5,9,2025-01-21,1019,340
5,10,2025-01-21,704,282
1,1,2025-01-22,122,366
1,2,2025-01-22,223,382
2,3,2025-01-22,7,420
2,4,2025-01-22,14,420
3,5,2025-01-22,292,389
3,6,2025-01-22,365,313
4,7,2025-01-22,52,208
4,8,2025-01-22,101,303
5,9,2025-01-22,930,310
5,10,2025-01-22,532,213
1,1,2025-01-23,101,303
1,2,2025-01-23,142,243
2,3,2025-01-23,9,540
2,4,2025-01-23,15,450
3,5,2025-01-23,218,291
3,6,2025-01-23,400,343
4,7,2025-01-23,59,236
4,8,2025-01-23,70,210
5,9,2025-01-23,772,257
5,10,2025-01-23,862,345
1,1,2025-01-24,120,360
1,2,2025-01-24,147,252
2,3,2025-01-24,6,360
2,4,2025-01-24,8,240
3,5,2025-01-24,168,224
3,6,2025-01-24,334,286
4,7,2025-01-24,49,196
4,8,2025-01-24,135,405
5,9,2025-01-24,943,314
5,10,2025-01-24,642,257
1,1,2025-01-25,73,219
1,2,2025-01-25,121,207
2,3,2025-01-25,3,180
2,4,2025-01-25,9,270
3,5,2025-01-25,116,155
3,6,2025-01-25,261,224
4,7,2025-01-25,49,196
4,8,2025-01-25,78,234
5,9,2025-01-25,569,190
5,10,2025-01-25,541,216
1,1,2025-01-27,109,327
1,2,2025-01-27,233,399
2,3,2025-01-27,4,240
2,4,2025-01-27,8,240
3,5,2025-01-27,175,233
3,6,2025-01-27,353,303
4,7,2025-01-27,66,264
4,8,2025-01-27,83,249
5,9,2025-01-27,954,318
5,10,2025-01-27,598,239
1,1,2025-01-28,92,276
1,2,2025-01-28,208,357
2,3,2025-01-28,8,480
2,4,2025-01-28,9,270
3,5,2025-01-28,268,357
3,6,2025-01-28,296,254
4,7,2025-01-28,62,248
4,8,2025-01-28,129,387
5,9,2025-01-28,955,318
5,10,2025-01-28,947,379
1,1,2025-01-29,139,417
1,2,2025-01-29,149,255
2,3,2025-01-29,8,480
2,4,2025-01-29,15,450
3,5,2025-01-29,185,247
3,6,2025-01-29,262,225
4,7,2025-01-29,86,344
4,8,2025-01-29,139,417
5,9,2025-01-29,715,238
5,10,2025-01-29,996,398
1,1,2025-01-30,85,255
1,2,2025-01-30,236,405
2,3,2025-01-30,11,660
2,4,2025-01-30,10,300
3,5,2025-01-30,202,269
3,6,2025-01-30,354,303
4,7,2025-01-30,76,304
4,8,2025-01-30,131,393
5,9,2025-01-30,918,306
5,10,2025-01-30,942,377
1,1,2025-01-31,105,315
1,2,2025-01-31,147,252
2,3,2025-01-31,6,360
2,4,2025-01-31,13,390
3,5,2025-01-31,160,213
3,6,2025-01-31,349,299
4,7,2025-01-31,61,244
4,8,2025-01-31,128,384
5,9,2025-01-31,992,331
5,10,2025-01-31,716,286
1,1,2025-02-01,74,222
1,2,2025-02-01,140,240
2,3,2025-02-01,7,420
2,4,2025-02-01,9,270
3,5,2025-02-01,170,227
3,6,2025-02-01,173,148
4,7,2025-02-01,34,136
4,8,2025-02-01,64,192
5,9,2025-02-01,553,184
5,10,2025-02-01,597,239
1,1,2025-02-03,110,330
1,2,2025-02-03,204,350
2,3,2025-02-03,11,660
2,4,2025-02-03,15,450
3,5,2025-02-03,200,267
3,6,2025-02-03,264,226
4,7,2025-02-03,77,308
4,8,2025-02-03,80,240
5,9,2025-02-03,890,297
5,10,2025-02-03,535,214
1,1,2025-02-04,118,354
1,2,2025-02-04,148,254
2,3,2025-02-04,10,600
2,4,2025-02-04,10,300
3,5,2025-02-04,263,351
3,6,2025-02-04,280,240
4,7,2025-02-04,81,324
4,8,2025-02-04,101,303
5,9,2025-02-04,1292,431
5,10,2025-02-04,804,322
1,1,2025-02-05,82,246
1,2,2025-02-05,219,375
2,3,2025-02-05,4,240
2,4,2025-02-05,13,390
3,5,2025-02-05,293,391
3,6,2025-02-05,330,283
4,7,2025-02-05,61,244
4,8,2025-02-05,96,288
5,9,2025-02-05,1021,340
5,10,2025-02-05,622,249
1,1,2025-02-06,96,288
1,2,2025-02-06,190,326
2,3,2025-02-06,6,360
2,4,2025-02-06,11,330
3,5,2025-02-06,277,369
3,6,2025-02-06,330,283
4,7,2025-02-06,49,196
4,8,2025-02-06,71,213
5,9,2025-02-06,1169,390
5,10,2025-02-06,818,327
1,1,2025-02-07,116,348
1,2,2025-02-07,152,261
2,3,2025-02-07,4,240
2,4,2025-02-07,15,450
3,5,2025-02-07,214,285
3,6,2025-02-07,379,325
4,7,2025-02-07,61,244
4,8,2025-02-07,86,258
5,9,2025-02-07,1057,352
5,10,2025-02-07,951,380
1,1,2025-02-08,50,150
1,2,2025-02-08,103,177
2,3,2025-02-08,4,240
2,4,2025-02-08,7,210
3,5,2025-02-08,120,160
3,6,2025-02-08,217,186
4,7,2025-02-08,47,188
4,8,2025-02-08,65,195
5,9,2025-02-08,745,248
5,10,2025-02-08,302,121
1,1,2025-02-10,97,291
1,2,2025-02-10,176,302
2,3,2025-02-10,9,540
2,4,2025-02-10,10,300
3,5,2025-02-10,247,329
3,6,2025-02-10,302,259
4,7,2025-02-10,88,352
4,8,2025-02-10,103,309
5,9,2025-02-10,1217,406
5,10,2025-02-10,750,300
1,1,2025-02-11,96,288
1,2,2025-02-11,146,250
2,3,2025-02-11,4,240
2,4,2025-02-11,13,390
3,5,2025-02-11,230,307
3,6,2025-02-11,261,224
4,7,2025-02-11,45,180
4,8,2025-02-11,112,336
5,9,2025-02-11,833,278
5,10,2025-02-11,826,330
1,1,2025-02-12,96,288
1,2,2025-02-12,160,274
2,3,2025-02-12,10,600
2,4,2025-02-12,14,420
3,5,2025-02-12,269,359
3,6,2025-02-12,393,337
4,7,2025-02-12,45,180
4,8,2025-02-12,84,252
5,9,2025-02-12,777,259
5,10,2025-02-12,983,393
1,1,2025-02-13,136,408
1,2,2025-02-13,228,391
2,3,2025-02-13,6,360
2,4,2025-02-13,15,450
3,5,2025-02-13,169,225
3,6,2025-02-13,344,295
4,7,2025-02-13,82,328
4,8,2025-02-13,140,420
5,9,2025-02-13,851,284
5,10,2025-02-13,720,288
1,1,2025-02-14,88,264
1,2,2025-02-14,145,249
2,3,2025-02-14,7,420
2,4,2025-02-14,12,360
3,5,2025-02-14,170,227
3,6,2025-02-14,341,292
4,7,2025-02-14,58,232
4,8,2025-02-14,101,303
5,9,2025-02-14,805,268
5,10,2025-02-14,681,272
1,1,2025-02-15,77,231
1,2,2025-02-15,127,218
2,3,2025-02-15,7,420
2,4,2025-02-15,8,240
3,5,2025-02-15,119,159
3,6,2025-02-15,186,159
4,7,2025-02-15,33,132
4,8,2025-02-15,55,165
5,9,2025-02-15,673,224
5,10,2025-02-15,307,123
1,1,2025-02-17,82,246
1,2,2025-02-17,200,343
2,3,2025-02-17,6,360
2,4,2025-02-17,10,300
3,5,2025-02-17,277,369
3,6,2025-02-17,339,291
4,7,2025-02-17,64,256
4,8,2025-02-17,99,297
5,9,2025-02-17,928,309
5,10,2025-02-17,512,205
1,1,2025-02-18,122,366
1,2,2025-02-18,164,281
2,3,2025-02-18,8,480
2,4,2025-02-18,12,360
3,5,2025-02-18,231,308
3,6,2025-02-18,267,229
4,7,2025-02-18,62,248
4,8,2025-02-18,114,342
5,9,2025-02-18,1221,407
5,10,2025-02-18,704,282
1,1,2025-02-19,123,369
1,2,2025-02-19,208,357
2,3,2025-02-19,7,420
2,4,2025-02-19,7,210
3,5,2025-02-19,189,252
3,6,2025-02-19,316,271
4,7,2025-02-19,56,224
4,8,2025-02-19,103,309
5,9,2025-02-19,739,246
5,10,2025-02-19,555,222
1,1,2025-02-20,118,354
1,2,2025-02-20,195,334
2,3,2025-02-20,7,420
2,4,2025-02-20,12,360
3,5,2025-02-20,271,361
3,6,2025-02-20,405,347
4,7,2025-02-20,77,308
4,8,2025-02-20,84,252
5,9,2025-02-20,1094,365
5,10,2025-02-20,960,384
1,1,2025-02-21,116,348
1,2,2025-02-21,164,281
2,3,2025-02-21,7,420
2,4,2025-02-21,7,210
3,5,2025-02-21,271,361
3,6,2025-02-21,250,214
4,7,2025-02-21,78,312
4,8,2025-02-21,138,414
5,9,2025-02-21,901,300
5,10,2025-02-21,686,274
1,1,2025-02-22,64,192
1,2,2025-02-22,89,153
2,3,2025-02-22,6,360
2,4,2025-02-22,8,240
3,5,2025-02-22,144,192
3,6,2025-02-22,251,215
4,7,2025-02-22,31,124
4,8,2025-02-22,65,195
5,9,2025-02-22,731,244
5,10,2025-02-22,395,158
1,1,2025-02-24,140,420
1,2,2025-02-24,188,322
2,3,2025-02-24,10,600
2,4,2025-02-24,9,270
3,5,2025-02-24,237,316
3,6,2025-02-24,353,303
4,7,2025-02-24,80,320
4,8,2025-02-24,70,210
5,9,2025-02-24,1011,337
5,10,2025-02-24,646,258
1,1,2025-02-25,93,279
1,2,2025-02-25,195,334
2,3,2025-02-25,11,660
2,4,2025-02-25,12,360
3,5,2025-02-25,279,372
3,6,2025-02-25,363,311
4,7,2025-02-25,73,292
4,8,2025-02-25,97,291
5,9,2025-02-25,1223,408
5,10,2025-02-25,742,297
1,1,2025-02-26,130,390
1,2,2025-02-26,234,401
2,3,2025-02-26,6,360
2,4,2025-02-26,8,240
3,5,2025-02-26,232,309
3,6,2025-02-26,381,327
4,7,2025-02-26,87,348
4,8,2025-02-26,112,336
5,9,2025-02-26,795,265
5,10,2025-02-26,919,368
1,1,2025-02-27,140,420
1,2,2025-02-27,236,405
2,3,2025-02-27,6,360
2,4,2025-02-27,11,330
3,5,2025-02-27,217,289
3,6,2025-02-27,300,257
4,7,2025-02-27,54,216
4,8,2025-02-27,73,219
5,9,2025-02-27,747,249
5,10,2025-02-27,625,250
1,1,2025-02-28,110,330
1,2,2025-02-28,218,374
2,3,2025-02-28,11,660
2,4,2025-02-28,8,240
3,5,2025-02-28,276,368
3,6,2025-02-28,356,305
4,7,2025-02-28,85,340
4,8,2025-02-28,94,282
5,9,2025-02-28,1093,364
5,10,2025-02-28,753,301
1,1,2025-03-01,63,189
1,2,2025-03-01,103,177
2,3,2025-03-01,3,180
2,4,2025-03-01,4,120
3,5,2025-03-01,123,164
3,6,2025-03-01,296,254
4,7,2025-03-01,43,172
4,8,2025-03-01,59,177
5,9,2025-03-01,528,176
5,10,2025-03-01,547,219
1,1,2025-03-03,113,339
1,2,2025-03-03,211,362
2,3,2025-03-03,8,480
2,4,2025-03-03,11,330
3,5,2025-03-03,300,400
3,6,2025-03-03,447,383
4,7,2025-03-03,77,308
4,8,2025-03-03,124,372
5,9,2025-03-03,1261,420
5,10,2025-03-03,728,291
1,1,2025-03-04,137,411
1,2,2025-03-04,160,274
2,3,2025-03-04,9,540
2,4,2025-03-04,13,390
3,5,2025-03-04,302,403
3,6,2025-03-04,348,298
4,7,2025-03-04,60,240
4,8,2025-03-04,105,315
5,9,2025-03-04,1233,411
5,10,2025-03-04,748,299
1,1,2025-03-05,120,360
1,2,2025-03-05,170,291
2,3,2025-03-05,6,360
2,4,2025-03-05,13,390
3,5,2025-03-05,197,263
3,6,2025-03-05,475,407
4,7,2025-03-05,63,252
4,8,2025-03-05,100,300
5,9,2025-03-05,978,326
5,10,2025-03-05,671,268
1,1,2025-03-06,100,300
1,2,2025-03-06,209,358
2,3,2025-03-06,4,240
2,4,2025-03-06,8,240
3,5,2025-03-06,218,291
3,6,2025-03-06,340,291
4,7,2025-03-06,69,276
4,8,2025-03-06,89,267
5,9,2025-03-06,919,306
5,10,2025-03-06,532,213
1,1,2025-03-07,106,318
1,2,2025-03-07,192,329
2,3,2025-03-07,6,360
2,4,2025-03-07,14,420
3,5,2025-03-07,307,409
3,6,2025-03-07,392,336
4,7,2025-03-07,48,192
4,8,2025-03-07,96,288
5,9,2025-03-07,1130,377
5,10,2025-03-07,699,280
1,1,2025-03-08,82,246
1,2,2025-03-08,143,245
2,3,2025-03-08,5,300
2,4,2025-03-08,4,120
3,5,2025-03-08,169,225
3,6,2025-03-08,245,210
4,7,2025-03-08,27,108
4,8,2025-03-08,69,207
5,9,2025-03-08,603,201
5,10,2025-03-08,531,212
1,1,2025-03-10,81,243
1,2,2025-03-10,189,324
2,3,2025-03-10,6,360
2,4,2025-03-10,12,360
3,5,2025-03-10,222,296
3,6,2025-03-10,406,348
4,7,2025-03-10,53,212
4,8,2025-03-10,138,414
5,9,2025-03-10,727,242
5,10,2025-03-10,964,386
1,1,2025-03-11,105,315
1,2,2025-03-11,215,369
2,3,2025-03-11,8,480
2,4,2025-03-11,6,180
3,5,2025-03-11,199,265
3,6,2025-03-11,455,390
4,7,2025-03-11,72,288
4,8,2025-03-11,87,261
5,9,2025-03-11,1172,391
5,10,2025-03-11,593,237
1,1,2025-03-12,83,249
1,2,2025-03-12,173,297
2,3,2025-03-12,7,420
2,4,2025-03-12,11,330
3,5,2025-03-12,235,313
3,6,2025-03-12,403,345
4,7,2025-03-12,65,260
4,8,2025-03-12,113,339
5,9,2025-03-12,1088,363
5,10,2025-03-12,642,257
1,1,2025-03-13,128,384
1,2,2025-03-13,193,331
2,3,2025-03-13,6,360
2,4,2025-03-13,7,210
3,5,2025-03-13,308,411
3,6,2025-03-13,279,239
4,7,2025-03-13,79,316
4,8,2025-03-13,76,228
5,9,2025-03-13,1058,353
5,10,2025-03-13,614,246
1,1,2025-03-14,121,363
1,2,2025-03-14,148,254
2,3,2025-03-14,10,600
2,4,2025-03-14,6,180
3,5,2025-03-14,184,245
3,6,2025-03-14,344,295
4,7,2025-03-14,57,228
4,8,2025-03-14,72,216
5,9,2025-03-14,856,285
5,10,2025-03-14,622,249
1,1,2025-03-15,53,159
1,2,2025-03-15,120,206
2,3,2025-03-15,5,300
2,4,2025-03-15,4,120
3,5,2025-03-15,142,189
3,6,2025-03-15,243,208
4,7,2025-03-15,53,212
4,8,2025-03-15,61,183
5,9,2025-03-15,646,215
5,10,2025-03-15,351,140
1,1,2025-03-17,123,369
1,2,2025-03-17,188,322
2,3,2025-03-17,7,420
2,4,2025-03-17,9,270
3,5,2025-03-17,197,263
3,6,2025-03-17,441,378
4,7,2025-03-17,89,356
4,8,2025-03-17,101,303
5,9,2025-03-17,804,268
5,10,2025-03-17,856,342
1,1,2025-03-18,129,387
1,2,2025-03-18,178,305
2,3,2025-03-18,10,600
2,4,2025-03-18,7,210
3,5,2025-03-18,187,249
3,6,2025-03-18,372,319
4,7,2025-03-18,79,316
4,8,2025-03-18,124,372
5,9,2025-03-18,1079,360
5,10,2025-03-18,535,214
1,1,2025-03-19,112,336
1,2,2025-03-19,222,381
2,3,2025-03-19,6,360
2,4,2025-03-19,6,180
3,5,2025-03-19,294,392
3,6,2025-03-19,413,354
4,7,2025-03-19,51,204
4,8,2025-03-19,125,375
5,9,2025-03-19,1070,357
5,10,2025-03-19,825,330
1,1,2025-03-20,137,411
1,2,2025-03-20,198,339
2,3,2025-03-20,9,540
2,4,2025-03-20,8,240
3,5,2025-03-20,298,397
3,6,2025-03-20,324,278
4,7,2025-03-20,78,312
4,8,2025-03-20,104,312
5,9,2025-03-20,1251,417
5,10,2025-03-20,896,358
1,1,2025-03-21,110,330
1,2,2025-03-21,199,341
2,3,2025-03-21,7,420
2,4,2025-03-21,10,300
3,5,2025-03-21,266,355
3,6,2025-03-21,343,294
4,7,2025-03-21,50,200
4,8,2025-03-21,105,315
5,9,2025-03-21,1161,387
5,10,2025-03-21,624,250
1,1,2025-03-22,77,231
1,2,2025-03-22,119,204
2,3,2025-03-22,5,300
2,4,2025-03-22,7,210
3,5,2025-03-22,163,217
3,6,2025-03-22,169,145
4,7,2025-03-22,46,184
4,8,2025-03-22,67,201
5,9,2025-03-22,532,177
5,10,2025-03-22,449,180
1,1,2025-03-24,113,339
1,2,2025-03-24,164,281
2,3,2025-03-24,4,240
2,4,2025-03-24,9,270
3,5,2025-03-24,290,387
3,6,2025-03-24,413,354
4,7,2025-03-24,80,320
4,8,2025-03-24,100,300
5,9,2025-03-24,1187,396
5,10,2025-03-24,830,332
1,1,2025-03-25,125,375
1,2,2025-03-25,202,346
2,3,2025-03-25,7,420
2,4,2025-03-25,6,180
3,5,2025-03-25,201,268
3,6,2025-03-25,358,307
4,7,2025-03-25,59,236
4,8,2025-03-25,121,363
5,9,2025-03-25,949,316
5,10,2025-03-25,656,262
1,1,2025-03-26,122,366
1,2,2025-03-26,214,367
2,3,2025-03-26,6,360
2,4,2025-03-26,13,390
3,5,2025-03-26,324,432
3,6,2025-03-26,372,319
4,7,2025-03-26,72,288
4,8,2025-03-26,140,420
5,9,2025-03-26,1038,346
5,10,2025-03-26,680,272
1,1,2025-03-27,124,372
1,2,2025-03-27,198,339
2,3,2025-03-27,6,360
2,4,2025-03-27,10,300
3,5,2025-03-27,246,328
3,6,2025-03-27,340,291
4,7,2025-03-27,52,208
4,8,2025-03-27,94,282
5,9,2025-03-27,1023,341
5,10,2025-03-27,561,224
1,1,2025-03-28,127,381
1,2,2025-03-28,208,357
2,3,2025-03-28,10,600
2,4,2025-03-28,8,240
3,5,2025-03-28,230,307
3,6,2025-03-28,336,288
4,7,2025-03-28,75,300
4,8,2025-03-28,105,315
5,9,2025-03-28,1237,412
5,10,2025-03-28,805,322
1,1,2025-03-29,59,177
1,2,2025-03-29,91,156
2,3,2025-03-29,6,360
2,4,2025-03-29,5,150
3,5,2025-03-29,155,207
3,6,2025-03-29,204,175
4,7,2025-03-29,41,164
4,8,2025-03-29,55,165
5,9,2025-03-29,605,202
5,10,2025-03-29,304,122
1,1,2025-03-31,135,405
1,2,2025-03-31,236,405
2,3,2025-03-31,7,420
2,4,2025-03-31,7,210
3,5,2025-03-31,179,239
3,6,2025-03-31,436,374
4,7,2025-03-31,63,252
4,8,2025-03-31,130,390
5,9,2025-03-31,1190,397
5,10,2025-03-31,725,290
1,1,2025-04-01,101,303
1,2,2025-04-01,163,279
2,3,2025-04-01,4,240
2,4,2025-04-01,10,300
3,5,2025-04-01,310,413
3,6,2025-04-01,307,263
4,7,2025-04-01,49,196
4,8,2025-04-01,121,363
5,9,2025-04-01,1203,401
5,10,2025-04-01,537,215
1,1,2025-04-02,116,348
1,2,2025-04-02,220,377
2,3,2025-04-02,9,540
2,4,2025-04-02,6,180
3,5,2025-04-02,218,291
3,6,2025-04-02,317,272
4,7,2025-04-02,81,324
4,8,2025-04-02,108,324
5,9,2025-04-02,787,262
5,10,2025-04-02,627,251
1,1,2025-04-03,87,261
1,2,2025-04-03,211,362
2,3,2025-04-03,10,600
2,4,2025-04-03,12,360
3,5,2025-04-03,239,319
3,6,2025-04-03,493,423
4,7,2025-04-03,78,312
4,8,2025-04-03,118,354
5,9,2025-04-03,1161,387
5,10,2025-04-03,965,386
1,1,2025-04-04,108,324
1,2,2025-04-04,178,305
2,3,2025-04-04,10,600
2,4,2025-04-04,12,360
3,5,2025-04-04,262,349
3,6,2025-04-04,435,373
4,7,2025-04-04,84,336
4,8,2025-04-04,77,231
5,9,2025-04-04,801,267
5,10,2025-04-04,985,394
1,1,2025-04-05,77,231
1,2,2025-04-05,100,171
2,3,2025-04-05,5,300
2,4,2025-04-05,5,150
3,5,2025-04-05,150,200
3,6,2025-04-05,276,237
4,7,2025-04-05,30,120
4,8,2025-04-05,54,162
5,9,2025-04-05,567,189
5,10,2025-04-05,353,141
1,1,2025-04-07,94,282
1,2,2025-04-07,176,302
2,3,2025-04-07,9,540
2,4,2025-04-07,10,300
3,5,2025-04-07,304,405
3,6,2025-04-07,295,253
4,7,2025-04-07,88,352
4,8,2025-04-07,99,297
5,9,2025-04-07,970,323
5,10,2025-04-07,903,361
1,1,2025-04-08,130,390
1,2,2025-04-08,220,377
2,3,2025-04-08,8,480
2,4,2025-04-08,9,270
3,5,2025-04-08,295,393
3,6,2025-04-08,307,263
4,7,2025-04-08,79,316
4,8,2025-04-08,98,294
5,9,2025-04-08,852,284
5,10,2025-04-08,965,386
1,1,2025-04-09,97,291
1,2,2025-04-09,158,271
2,3,2025-04-09,4,240
2,4,2025-04-09,6,180
3,5,2025-04-09,222,296
3,6,2025-04-09,361,309
4,7,2025-04-09,83,332
4,8,2025-04-09,106,318
5,9,2025-04-09,1149,383
5,10,2025-04-09,563,225
1,1,2025-04-10,109,327
1,2,2025-04-10,228,391
2,3,2025-04-10,6,360
2,4,2025-04-10,12,360
3,5,2025-04-10,252,336
3,6,2025-04-10,416,357
4,7,2025-04-10,79,316
4,8,2025-04-10,133,399
5,9,2025-04-10,1148,383
5,10,2025-04-10,541,216
1,1,2025-04-11,118,354
1,2,2025-04-11,145,249
2,3,2025-04-11,7,420
2,4,2025-04-11,11,330
3,5,2025-04-11,246,328
3,6,2025-04-11,282,242
4,7,2025-04-11,50,200
4,8,2025-04-11,99,297
5,9,2025-04-11,1289,430
5,10,2025-04-11,800,320
1,1,2025-04-12,84,252
1,2,2025-04-12,85,146
2,3,2025-04-12,6,360
2,4,2025-04-12,6,180
3,5,2025-04-12,112,149
3,6,2025-04-12,294,252
4,7,2025-04-12,34,136
4,8,2025-04-12,78,234
5,9,2025-04-12,739,246
5,10,2025-04-12,500,200
1,1,2025-04-14,100,300
1,2,2025-04-14,225,386
2,3,2025-04-14,4,240
2,4,2025-04-14,8,240
3,5,2025-04-14,268,357
3,6,2025-04-14,391,335
4,7,2025-04-14,89,356
4,8,2025-04-14,133,399
5,9,2025-04-14,995,332
5,10,2025-04-14,839,336
1,1,2025-04-15,140,420
1,2,2025-04-15,191,327
2,3,2025-04-15,10,600
2,4,2025-04-15,14,420
3,5,2025-04-15,186,248
3,6,2025-04-15,403,345
4,7,2025-04-15,50,200
4,8,2025-04-15,110,330
5,9,2025-04-15,958,319
5,10,2025-04-15,665,266
1,1,2025-04-16,87,261
1,2,2025-04-16,238,408
2,3,2025-04-16,7,420
2,4,2025-04-16,14,420
3,5,2025-04-16,176,235
3,6,2025-04-16,460,394
4,7,2025-04-16,79,316
4,8,2025-04-16,129,387
5,9,2025-04-16,1123,374
5,10,2025-04-16,527,211
1,1,2025-04-17,92,276
1,2,2025-04-17,206,353
2,3,2025-04-17,6,360
2,4,2025-04-17,13,390
3,5,2025-04-17,300,400
3,6,2025-04-17,488,418
4,7,2025-04-17,48,192
4,8,2025-04-17,96,288
5,9,2025-04-17,973,324
5,10,2025-04-17,781,312
1,1,2025-04-18,88,264
1,2,2025-04-18,176,302
2,3,2025-04-18,7,420
2,4,2025-04-18,13,390
3,5,2025-04-18,210,280
3,6,2025-04-18,283,243
4,7,2025-04-18,85,340
4,8,2025-04-18,100,300
5,9,2025-04-18,862,287
5,10,2025-04-18,659,264
1,1,2025-04-19,69,207
1,2,2025-04-19,85,146
2,3,2025-04-19,5,300
2,4,2025-04-19,7,210
3,5,2025-04-19,121,161
3,6,2025-04-19,202,173
4,7,2025-04-19,31,124
4,8,2025-04-19,77,231
5,9,2025-04-19,492,164
5,10,2025-04-19,499,200
1,1,2025-04-21,95,285
1,2,2025-04-21,198,339
2,3,2025-04-21,8,480
2,4,2025-04-21,8,240
3,5,2025-04-21,284,379
3,6,2025-04-21,328,281
4,7,2025-04-21,83,332
4,8,2025-04-21,135,405
5,9,2025-04-21,839,280
5,10,2025-04-21,942,377
1,1,2025-04-22,84,252
1,2,2025-04-22,175,300
2,3,2025-04-22,10,600
2,4,2025-04-22,12,360
3,5,2025-04-22,272,363
3,6,2025-04-22,417,357
4,7,2025-04-22,62,248
4,8,2025-04-22,70,210
5,9,2025-04-22,989,330
5,10,2025-04-22,871,348
1,1,2025-04-23,99,297
1,2,2025-04-23,215,369
2,3,2025-04-23,8,480
2,4,2025-04-23,13,390
3,5,2025-04-23,218,291
3,6,2025-04-23,400,343
4,7,2025-04-23,79,316
4,8,2025-04-23,131,393
5,9,2025-04-23,1053,351
5,10,2025-04-23,670,268
1,1,2025-04-24,115,345
1,2,2025-04-24,237,406
2,3,2025-04-24,8,480
2,4,2025-04-24,12,360
3,5,2025-04-24,304,405
3,6,2025-04-24,365,313
4,7,2025-04-24,57,228
4,8,2025-04-24,100,300
5,9,2025-04-24,1285,428
5,10,2025-04-24,696,278
1,1,2025-04-25,94,282
1,2,2025-04-25,239,410
2,3,2025-04-25,7,420
2,4,2025-04-25,6,180
3,5,2025-04-25,265,353
3,6,2025-04-25,484,415
4,7,2025-04-25,75,300
4,8,2025-04-25,118,354
5,9,2025-04-25,1095,365
5,10,2025-04-25,839,336
1,1,2025-04-26,78,234
1,2,2025-04-26,134,230
2,3,2025-04-26,3,180
2,4,2025-04-26,8,240
3,5,2025-04-26,111,148
3,6,2025-04-26,186,159
4,7,2025-04-26,46,184
4,8,2025-04-26,67,201
5,9,2025-04-26,481,160
5,10,2025-04-26,568,227
1,1,2025-04-28,110,330
1,2,2025-04-28,240,411
2,3,2025-04-28,6,360
2,4,2025-04-28,11,330
3,5,2025-04-28,287,383
3,6,2025-04-28,458,393
4,7,2025-04-28,50,200
4,8,2025-04-28,112,336
5,9,2025-04-28,1246,415
5,10,2025-04-28,694,278
1,1,2025-04-29,100,300
1,2,2025-04-29,220,377
2,3,2025-04-29,9,540
2,4,2025-04-29,13,390
3,5,2025-04-29,328,437
3,6,2025-04-29,285,244
4,7,2025-04-29,84,336
4,8,2025-04-29,78,234
5,9,2025-04-29,940,313
5,10,2025-04-29,823,329
1,1,2025-04-30,123,369
1,2,2025-04-30,176,302
2,3,2025-04-30,5,300
2,4,2025-04-30,7,210
3,5,2025-04-30,298,397
3,6,2025-04-30,302,259
4,7,2025-04-30,85,340
4,8,2025-04-30,82,246
5,9,2025-04-30,1154,385
5,10,2025-04-30,585,234
1,1,2025-05-01,124,372
1,2,2025-05-01,178,305
2,3,2025-05-01,4,240
2,4,2025-05-01,6,180
3,5,2025-05-01,267,356
3,6,2025-05-01,290,249
4,7,2025-05-01,63,252
4,8,2025-05-01,115,345
5,9,2025-05-01,1083,361
5,10,2025-05-01,720,288
1,1,2025-05-02,89,267
1,2,2025-05-02,171,293
2,3,2025-05-02,8,480
2,4,2025-05-02,12,360
3,5,2025-05-02,227,303
3,6,2025-05-02,322,276
4,7,2025-05-02,56,224
4,8,2025-05-02,80,240
5,9,2025-05-02,1091,364
5,10,2025-05-02,817,327
1,1,2025-05-03,74,222
1,2,2025-05-03,102,175
2,3,2025-05-03,4,240
2,4,2025-05-03,5,150
3,5,2025-05-03,144,192
3,6,2025-05-03,243,208
4,7,2025-05-03,51,204
4,8,2025-05-03,61,183
5,9,2025-05-03,702,234
5,10,2025-05-03,378,151
1,1,2025-05-05,140,420
1,2,2025-05-05,184,315
2,3,2025-05-05,8,480
2,4,2025-05-05,10,300
3,5,2025-05-05,295,393
3,6,2025-05-05,469,402
4,7,2025-05-05,61,244
4,8,2025-05-05,128,384
5,9,2025-05-05,1009,336
5,10,2025-05-05,601,240
1,1,2025-05-06,104,312
1,2,2025-05-06,201,345
2,3,2025-05-06,4,240
2,4,2025-05-06,9,270
3,5,2025-05-06,283,377
3,6,2025-05-06,436,374
4,7,2025-05-06,67,268
4,8,2025-05-06,107,321
5,9,2025-05-06,1002,334
5,10,2025-05-06,511,204
1,1,2025-05-07,133,399
1,2,2025-05-07,224,384
2,3,2025-05-07,7,420
2,4,2025-05-07,10,300
3,5,2025-05-07,178,237
3,6,2025-05-07,433,371
4,7,2025-05-07,88,352
4,8,2025-05-07,76,228
5,9,2025-05-07,1208,403
5,10,2025-05-07,926,370
1,1,2025-05-08,137,411
1,2,2025-05-08,176,302
2,3,2025-05-08,10,600
2,4,2025-05-08,9,270
3,5,2025-05-08,275,367
3,6,2025-05-08,337,289
4,7,2025-05-08,85,340
4,8,2025-05-08,94,282
5,9,2025-05-08,956,319
5,10,2025-05-08,847,339
1,1,2025-05-09,128,384
1,2,2025-05-09,232,398
2,3,2025-05-09,10,600
2,4,2025-05-09,8,240
3,5,2025-05-09,202,269
3,6,2025-05-09,451,387
4,7,2025-05-09,86,344
4,8,2025-05-09,75,225
5,9,2025-05-09,1016,339
5,10,2025-05-09,903,361
1,1,2025-05-10,65,195
1,2,2025-05-10,86,147
2,3,2025-05-10,5,300
2,4,2025-05-10,7,210
3,5,2025-05-10,128,171
3,6,2025-05-10,180,154
4,7,2025-05-10,38,152
4,8,2025-05-10,67,201
5,9,2025-05-10,675,225
5,10,2025-05-10,353,141
1,1,2025-05-12,138,414
1,2,2025-05-12,201,345
2,3,2025-05-12,10,600
2,4,2025-05-12,10,300
3,5,2025-05-12,271,361
3,6,2025-05-12,307,263
4,7,2025-05-12,74,296
4,8,2025-05-12,79,237
5,9,2025-05-12,844,281
5,10,2025-05-12,886,354
1,1,2025-05-13,94,282
1,2,2025-05-13,226,387
2,3,2025-05-13,9,540
2,4,2025-05-13,12,360
3,5,2025-05-13,278,371
3,6,2025-05-13,300,257
4,7,2025-05-13,70,280
4,8,2025-05-13,71,213
5,9,2025-05-13,970,323
5,10,2025-05-13,774,310
1,1,2025-05-14,87,261
1,2,2025-05-14,198,339
2,3,2025-05-14,6,360
2,4,2025-05-14,10,300
3,5,2025-05-14,283,377
3,6,2025-05-14,454,389
4,7,2025-05-14,68,272
4,8,2025-05-14,83,249
5,9,2025-05-14,939,313
5,10,2025-05-14,741,296
1,1,2025-05-15,81,243
1,2,2025-05-15,219,375
2,3,2025-05-15,8,480
2,4,2025-05-15,11,330
3,5,2025-05-15,238,317
3,6,2025-05-15,457,392
4,7,2025-05-15,49,196
4,8,2025-05-15,129,387
5,9,2025-05-15,1009,336
5,10,2025-05-15,832,333
1,1,2025-05-16,106,318
1,2,2025-05-16,154,264
2,3,2025-05-16,5,300
2,4,2025-05-16,6,180
3,5,2025-05-16,186,248
3,6,2025-05-16,360,309
4,7,2025-05-16,76,304
4,8,2025-05-16,84,252
5,9,2025-05-16,799,266
5,10,2025-05-16,620,248
1,1,2025-05-17,82,246
1,2,2025-05-17,125,214
2,3,2025-05-17,3,180
2,4,2025-05-17,7,210
3,5,2025-05-17,183,244
3,6,2025-05-17,227,195
4,7,2025-05-17,52,208
4,8,2025-05-17,83,249
5,9,2025-05-17,677,226
5,10,2025-05-17,480,192
1,1,2025-05-19,124,372
1,2,2025-05-19,187,321
2,3,2025-05-19,5,300
2,4,2025-05-19,13,390
3,5,2025-05-19,300,400
3,6,2025-05-19,341,292
4,7,2025-05-19,68,272
4,8,2025-05-19,82,246
5,9,2025-05-19,1076,359
5,10,2025-05-19,778,311
1,1,2025-05-20,137,411
1,2,2025-05-20,222,381
2,3,2025-05-20,6,360
2,4,2025-05-20,6,180
3,5,2025-05-20,287,383
3,6,2025-05-20,352,302
4,7,2025-05-20,57,228
4,8,2025-05-20,85,255
5,9,2025-05-20,1165,388
5,10,2025-05-20,546,218
1,1,2025-05-21,122,366
1,2,2025-05-21,167,286
2,3,2025-05-21,9,540
2,4,2025-05-21,6,180
3,5,2025-05-21,189,252
3,6,2025-05-21,369,316
4,7,2025-05-21,60,240
4,8,2025-05-21,86,258
5,9,2025-05-21,1278,426
5,10,2025-05-21,605,242
1,1,2025-05-22,84,252
1,2,2025-05-22,237,406
2,3,2025-05-22,8,480
2,4,2025-05-22,9,270
3,5,2025-05-22,237,316
3,6,2025-05-22,340,291
4,7,2025-05-22,66,264
4,8,2025-05-22,88,264
5,9,2025-05-22,702,234
5,10,2025-05-22,641,256
1,1,2025-05-23,134,402
1,2,2025-05-23,158,271
2,3,2025-05-23,5,300
2,4,2025-05-23,14,420
3,5,2025-05-23,246,328
3,6,2025-05-23,323,277
4,7,2025-05-23,52,208
4,8,2025-05-23,73,219
5,9,2025-05-23,834,278
5,10,2025-05-23,507,203
1,1,2025-05-24,61,183
1,2,2025-05-24,144,247
2,3,2025-05-24,3,180
2,4,2025-05-24,7,210
3,5,2025-05-24,108,144
3,6,2025-05-24,194,166
4,7,2025-05-24,37,148
4,8,2025-05-24,46,138
5,9,2025-05-24,497,166
5,10,2025-05-24,527,211
1,1,2025-05-26,112,336
1,2,2025-05-26,168,288
2,3,2025-05-26,8,480
2,4,2025-05-26,6,180
3,5,2025-05-26,322,429
3,6,2025-05-26,360,309
4,7,2025-05-26,74,296
4,8,2025-05-26,73,219
5,9,2025-05-26,762,254
5,10,2025-05-26,745,298
1,1,2025-05-27,134,402
1,2,2025-05-27,191,327
2,3,2025-05-27,7,420
2,4,2025-05-27,7,210
3,5,2025-05-27,314,419
3,6,2025-05-27,475,407
4,7,2025-05-27,73,292
4,8,2025-05-27,79,237
5,9,2025-05-27,782,261
5,10,2025-05-27,664,266
1,1,2025-05-28,118,354
1,2,2025-05-28,158,271
2,3,2025-05-28,4,240
2,4,2025-05-28,8,240
3,5,2025-05-28,253,337
3,6,2025-05-28,450,386
4,7,2025-05-28,85,340
4,8,2025-05-28,140,420
5,9,2025-05-28,1032,344
5,10,2025-05-28,695,278
1,1,2025-05-29,118,354
1,2,2025-05-29,207,355
2,3,2025-05-29,6,360
2,4,2025-05-29,13,390
3,5,2025-05-29,318,424
3,6,2025-05-29,444,381
4,7,2025-05-29,72,288
4,8,2025-05-29,82,246
5,9,2025-05-29,817,272
5,10,2025-05-29,936,374
1,1,2025-05-30,121,363
1,2,2025-05-30,223,382
2,3,2025-05-30,10,600
2,4,2025-05-30,14,420
3,5,2025-05-30,237,316
3,6,2025-05-30,396,339
4,7,2025-05-30,73,292
4,8,2025-05-30,99,297
5,9,2025-05-30,1123,374
5,10,2025-05-30,673,269
1,1,2025-05-31,79,237
1,2,2025-05-31,119,204
2,3,2025-05-31,4,240
2,4,2025-05-31,7,210
3,5,2025-05-31,121,161
3,6,2025-05-31,218,187
4,7,2025-05-31,43,172
4,8,2025-05-31,66,198
5,9,2025-05-31,577,192
5,10,2025-05-31,415,166
1,1,2025-06-02,127,381
1,2,2025-06-02,187,321
2,3,2025-06-02,10,600
2,4,2025-06-02,8,240
3,5,2025-06-02,210,280
3,6,2025-06-02,480,411
4,7,2025-06-02,80,320
4,8,2025-06-02,112,336
5,9,2025-06-02,825,275
5,10,2025-06-02,710,284
1,1,2025-06-03,102,306
1,2,2025-06-03,225,386
2,3,2025-06-03,10,600
2,4,2025-06-03,12,360
3,5,2025-06-03,208,277
3,6,2025-06-03,388,333
4,7,2025-06-03,83,332
4,8,2025-06-03,109,327
5,9,2025-06-03,1060,353
5,10,2025-06-03,553,221
1,1,2025-06-04,116,348
1,2,2025-06-04,204,350
2,3,2025-06-04,5,300
2,4,2025-06-04,8,240
3,5,2025-06-04,340,453
3,6,2025-06-04,368,315
4,7,2025-06-04,51,204
4,8,2025-06-04,114,342
5,9,2025-06-04,1269,423
5,10,2025-06-04,688,275
1,1,2025-06-05,87,261
1,2,2025-06-05,237,406
2,3,2025-06-05,6,360
2,4,2025-06-05,9,270
3,5,2025-06-05,323,431
3,6,2025-06-05,472,405
4,7,2025-06-05,84,336
4,8,2025-06-05,73,219
5,9,2025-06-05,973,324
5,10,2025-06-05,514,206
1,1,2025-06-06,91,273
1,2,2025-06-06,174,298
2,3,2025-06-06,9,540
2,4,2025-06-06,10,300
3,5,2025-06-06,295,393
3,6,2025-06-06,407,349
4,7,2025-06-06,45,180
4,8,2025-06-06,93,279
5,9,2025-06-06,846,282
5,10,2025-06-06,789,316
1,1,2025-06-07,73,219
1,2,2025-06-07,115,197
2,3,2025-06-07,2,120
2,4,2025-06-07,5,150
3,5,2025-06-07,120,160
3,6,2025-06-07,197,169
4,7,2025-06-07,47,188
4,8,2025-06-07,58,174
5,9,2025-06-07,651,217
5,10,2025-06-07,428,171
1,1,2025-06-09,90,270
1,2,2025-06-09,236,405
2,3,2025-06-09,8,480
2,4,2025-06-09,6,180
3,5,2025-06-09,216,288
3,6,2025-06-09,383,328
4,7,2025-06-09,73,292
4,8,2025-06-09,124,372
5,9,2025-06-09,1197,399
5,10,2025-06-09,810,324
1,1,2025-06-10,108,324
1,2,2025-06-10,193,331
2,3,2025-06-10,6,360
2,4,2025-06-10,9,270
3,5,2025-06-10,349,465
3,6,2025-06-10,335,287
4,7,2025-06-10,67,268
4,8,2025-06-10,125,375
5,9,2025-06-10,813,271
5,10,2025-06-10,645,258
1,1,2025-06-11,123,369
1,2,2025-06-11,226,387
2,3,2025-06-11,8,480
2,4,2025-06-11,13,390
3,5,2025-06-11,353,471
3,6,2025-06-11,504,432
4,7,2025-06-11,64,256
4,8,2025-06-11,75,225
5,9,2025-06-11,925,308
5,10,2025-06-11,702,281
1,1,2025-06-12,118,354
1,2,2025-06-12,147,252
2,3,2025-06-12,4,240
2,4,2025-06-12,9,270
3,5,2025-06-12,284,379
3,6,2025-06-12,365,313
4,7,2025-06-12,53,212
4,8,2025-06-12,102,306
5,9,2025-06-12,996,332
5,10,2025-06-12,667,267
1,1,2025-06-13,87,261
1,2,2025-06-13,140,240
2,3,2025-06-13,7,420
2,4,2025-06-13,12,360
3,5,2025-06-13,245,327
3,6,2025-06-13,340,291
4,7,2025-06-13,69,276
4,8,2025-06-13,138,414
5,9,2025-06-13,935,312
5,10,2025-06-13,756,302
1,1,2025-06-14,69,207
1,2,2025-06-14,135,231
2,3,2025-06-14,6,360
2,4,2025-06-14,7,210
3,5,2025-06-14,128,171
3,6,2025-06-14,253,217
4,7,2025-06-14,28,112
4,8,2025-06-14,75,225
5,9,2025-06-14,431,144
5,10,2025-06-14,441,176
1,1,2025-06-16,105,315
1,2,2025-06-16,142,243
2,3,2025-06-16,6,360
2,4,2025-06-16,8,240
3,5,2025-06-16,332,443
3,6,2025-06-16,511,438
4,7,2025-06-16,68,272
4,8,2025-06-16,81,243
5,9,2025-06-16,1147,382
5,10,2025-06-16,932,373
1,1,2025-06-17,86,258
1,2,2025-06-17,171,293
2,3,2025-06-17,7,420
2,4,2025-06-17,12,360
3,5,2025-06-17,353,471
3,6,2025-06-17,324,278
4,7,2025-06-17,70,280
4,8,2025-06-17,109,327
5,9,2025-06-17,1047,349
5,10,2025-06-17,613,245
1,1,2025-06-18,101,303
1,2,2025-06-18,239,410
2,3,2025-06-18,5,300
2,4,2025-06-18,7,210
3,5,2025-06-18,348,464
3,6,2025-06-18,494,423
4,7,2025-06-18,52,208
4,8,2025-06-18,137,411
5,9,2025-06-18,1222,407
5,10,2025-06-18,599,240
1,1,2025-06-19,137,411
1,2,2025-06-19,239,410
2,3,2025-06-19,6,360
2,4,2025-06-19,11,330
3,5,2025-06-19,236,315
3,6,2025-06-19,372,319
4,7,2025-06-19,51,204
4,8,2025-06-19,88,264
5,9,2025-06-19,962,321
5,10,2025-06-19,601,240
1,1,2025-06-20,91,273
1,2,2025-06-20,217,372
2,3,2025-06-20,5,300
2,4,2025-06-20,7,210
3,5,2025-06-20,246,328
3,6,2025-06-20,536,459
4,7,2025-06-20,85,340
4,8,2025-06-20,133,399
5,9,2025-06-20,1175,392
5,10,2025-06-20,886,354
1,1,2025-06-21,70,210
1,2,2025-06-21,142,243
2,3,2025-06-21,5,300
2,4,2025-06-21,8,240
3,5,2025-06-21,174,232
3,6,2025-06-21,295,253
4,7,2025-06-21,39,156
4,8,2025-06-21,53,159
5,9,2025-06-21,690,230
5,10,2025-06-21,320,128
1,1,2025-06-23,99,297
1,2,2025-06-23,199,341
2,3,2025-06-23,7,420
2,4,2025-06-23,6,180
3,5,2025-06-23,209,279
3,6,2025-06-23,413,354
4,7,2025-06-23,63,252
4,8,2025-06-23,79,237
5,9,2025-06-23,792,264
5,10,2025-06-23,814,326
1,1,2025-06-24,118,354
1,2,2025-06-24,204,350
2,3,2025-06-24,7,420
2,4,2025-06-24,13,390
3,5,2025-06-24,204,272
3,6,2025-06-24,438,375
4,7,2025-06-24,81,324
4,8,2025-06-24,94,282
5,9,2025-06-24,1029,343
5,10,2025-06-24,809,324
1,1,2025-06-25,110,330
1,2,2025-06-25,204,350
2,3,2025-06-25,5,300
2,4,2025-06-25,6,180
3,5,2025-06-25,330,440
3,6,2025-06-25,331,284
4,7,2025-06-25,66,264
4,8,2025-06-25,80,240
5,9,2025-06-25,1216,405
5,10,2025-06-25,830,332
1,1,2025-06-26,91,273
1,2,2025-06-26,145,249
2,3,2025-06-26,5,300
2,4,2025-06-26,13,390
3,5,2025-06-26,326,435
3,6,2025-06-26,461,395
4,7,2025-06-26,78,312
4,8,2025-06-26,90,270
5,9,2025-06-26,1072,357
5,10,2025-06-26,690,276
1,1,2025-06-27,138,414
1,2,2025-06-27,176,302
2,3,2025-06-27,7,420
2,4,2025-06-27,12,360
3,5,2025-06-27,295,393
3,6,2025-06-27,508,435
4,7,2025-06-27,83,332
4,8,2025-06-27,76,228
5,9,2025-06-27,1042,347
5,10,2025-06-27,533,213
1,1,2025-06-28,61,183
1,2,2025-06-28,91,156
2,3,2025-06-28,5,300
2,4,2025-06-28,7,210
3,5,2025-06-28,167,223
3,6,2025-06-28,226,194
4,7,2025-06-28,52,208
4,8,2025-06-28,53,159
5,9,2025-06-28,625,208
5,10,2025-06-28,325,130
1,1,2025-06-30,125,375
1,2,2025-06-30,150,257
2,3,2025-06-30,6,360
2,4,2025-06-30,14,420
3,5,2025-06-30,307,409
3,6,2025-06-30,497,426
4,7,2025-06-30,66,264
4,8,2025-06-30,86,258
5,9,2025-06-30,1239,413
5,10,2025-06-30,547,219
1,1,2025-07-01,121,363
1,2,2025-07-01,225,386
2,3,2025-07-01,7,420
2,4,2025-07-01,14,420
3,5,2025-07-01,302,403
3,6,2025-07-01,305,261
4,7,2025-07-01,68,272
4,8,2025-07-01,109,327
5,9,2025-07-01,884,295
5,10,2025-07-01,986,394
1,1,2025-07-02,93,279
1,2,2025-07-02,183,314
2,3,2025-07-02,10,600
2,4,2025-07-02,13,390
3,5,2025-07-02,251,335
3,6,2025-07-02,368,315
4,7,2025-07-02,53,212
4,8,2025-07-02,89,267
5,9,2025-07-02,779,260
5,10,2025-07-02,651,260
1,1,2025-07-03,134,402
1,2,2025-07-03,240,411
2,3,2025-07-03,4,240
2,4,2025-07-03,14,420
3,5,2025-07-03,358,477
3,6,2025-07-03,527,452
4,7,2025-07-03,78,312
4,8,2025-07-03,74,222
5,9,2025-07-03,1044,348
5,10,2025-07-03,948,379
1,1,2025-07-04,129,387
1,2,2025-07-04,219,375
2,3,2025-07-04,5,300
2,4,2025-07-04,12,360
3,5,2025-07-04,239,319
3,6,2025-07-04,349,299
4,7,2025-07-04,56,224
4,8,2025-07-04,91,273
5,9,2025-07-04,1148,383
5,10,2025-07-04,522,209
1,1,2025-07-05,64,192
1,2,2025-07-05,112,192
2,3,2025-07-05,5,300
2,4,2025-07-05,5,150
3,5,2025-07-05,197,263
3,6,2025-07-05,293,251
4,7,2025-07-05,38,152
4,8,2025-07-05,76,228
5,9,2025-07-05,563,188
5,10,2025-07-05,464,186
1,1,2025-07-07,98,294
1,2,2025-07-07,239,410
2,3,2025-07-07,7,420
2,4,2025-07-07,14,420
3,5,2025-07-07,354,472
3,6,2025-07-07,428,367
4,7,2025-07-07,55,220
4,8,2025-07-07,95,285
5,9,2025-07-07,841,280
5,10,2025-07-07,946,378
1,1,2025-07-08,96,288
1,2,2025-07-08,146,250
2,3,2025-07-08,9,540
2,4,2025-07-08,13,390
3,5,2025-07-08,306,408
3,6,2025-07-08,469,402
4,7,2025-07-08,51,204
4,8,2025-07-08,136,408
5,9,2025-07-08,827,276
5,10,2025-07-08,645,258
1,1,2025-07-09,85,255
1,2,2025-07-09,237,406
2,3,2025-07-09,5,300
2,4,2025-07-09,10,300
3,5,2025-07-09,330,440
3,6,2025-07-09,457,392
4,7,2025-07-09,54,216
4,8,2025-07-09,125,375
5,9,2025-07-09,793,264
5,10,2025-07-09,984,394
1,1,2025-07-10,138,414
1,2,2025-07-10,168,288
2,3,2025-07-10,10,600
2,4,2025-07-10,13,390
3,5,2025-07-10,299,399
3,6,2025-07-10,307,263
4,7,2025-07-10,71,284
4,8,2025-07-10,76,228
5,9,2025-07-10,1105,368
5,10,2025-07-10,757,303
1,1,2025-07-11,103,309
1,2,2025-07-11,170,291
2,3,2025-07-11,7,420
2,4,2025-07-11,7,210
3,5,2025-07-11,306,408
3,6,2025-07-11,368,315
4,7,2025-07-11,46,184
4,8,2025-07-11,110,330
5,9,2025-07-11,801,267
5,10,2025-07-11,929,372
1,1,2025-07-12,75,225
1,2,2025-07-12,134,230
2,3,2025-07-12,4,240
2,4,2025-07-12,5,150
3,5,2025-07-12,140,187
3,6,2025-07-12,186,159
4,7,2025-07-12,38,152
4,8,2025-07-12,78,234
5,9,2025-07-12,505,168
5,10,2025-07-12,533,213
1,1,2025-07-14,140,420
1,2,2025-07-14,233,399
2,3,2025-07-14,8,480
2,4,2025-07-14,14,420
3,5,2025-07-14,322,429
3,6,2025-07-14,334,286
4,7,2025-07-14,63,252
4,8,2025-07-14,100,300
5,9,2025-07-14,1008,336
5,10,2025-07-14,562,225
1,1,2025-07-15,83,249
1,2,2025-07-15,170,291
2,3,2025-07-15,7,420
2,4,2025-07-15,13,390
3,5,2025-07-15,211,281
3,6,2025-07-15,334,286
4,7,2025-07-15,76,304
4,8,2025-07-15,138,414
5,9,2025-07-15,716,239
5,10,2025-07-15,823,329
1,1,2025-07-16,112,336
1,2,2025-07-16,213,365
2,3,2025-07-16,5,300
2,4,2025-07-16,8,240
3,5,2025-07-16,281,375
3,6,2025-07-16,431,369
4,7,2025-07-16,45,180
4,8,2025-07-16,115,345
5,9,2025-07-16,946,315
5,10,2025-07-16,792,317
1,1,2025-07-17,106,318
1,2,2025-07-17,163,279
2,3,2025-07-17,9,540
2,4,2025-07-17,7,210
3,5,2025-07-17,353,471
3,6,2025-07-17,410,351
4,7,2025-07-17,49,196
4,8,2025-07-17,137,411
5,9,2025-07-17,1257,419
5,10,2025-07-17,759,304
1,1,2025-07-18,130,390
1,2,2025-07-18,204,350
2,3,2025-07-18,8,480
2,4,2025-07-18,6,180
3,5,2025-07-18,311,415
3,6,2025-07-18,444,381
4,7,2025-07-18,47,188
4,8,2025-07-18,119,357
5,9,2025-07-18,1082,361
5,10,2025-07-18,629,252
1,1,2025-07-19,76,228
1,2,2025-07-19,85,146
2,3,2025-07-19,4,240
2,4,2025-07-19,4,120
3,5,2025-07-19,179,239
3,6,2025-07-19,224,192
4,7,2025-07-19,52,208
4,8,2025-07-19,50,150
5,9,2025-07-19,777,259
5,10,2025-07-19,526,210
1,1,2025-07-21,110,330
1,2,2025-07-21,220,377
2,3,2025-07-21,5,300
2,4,2025-07-21,8,240
3,5,2025-07-21,211,281
3,6,2025-07-21,520,446
4,7,2025-07-21,74,296
4,8,2025-07-21,74,222
5,9,2025-07-21,1000,333
5,10,2025-07-21,603,241
1,1,2025-07-22,82,246
1,2,2025-07-22,165,283
2,3,2025-07-22,4,240
2,4,2025-07-22,11,330
3,5,2025-07-22,287,383
3,6,2025-07-22,457,392
4,7,2025-07-22,70,280
4,8,2025-07-22,139,417
5,9,2025-07-22,1184,395
5,10,2025-07-22,629,252
1,1,2025-07-23,82,246
1,2,2025-07-23,236,405
2,3,2025-07-23,9,540
2,4,2025-07-23,9,270
3,5,2025-07-23,280,373
3,6,2025-07-23,409,351
4,7,2025-07-23,48,192
4,8,2025-07-23,112,336
5,9,2025-07-23,979,326
5,10,2025-07-23,563,225
1,1,2025-07-24,131,393
1,2,2025-07-24,187,321
2,3,2025-07-24,7,420
2,4,2025-07-24,12,360
3,5,2025-07-24,326,435
3,6,2025-07-24,418,358
4,7,2025-07-24,66,264
4,8,2025-07-24,93,279
5,9,2025-07-24,1208,403
5,10,2025-07-24,854,342
1,1,2025-07-25,111,333
1,2,2025-07-25,187,321
2,3,2025-07-25,10,600
2,4,2025-07-25,14,420
3,5,2025-07-25,274,365
3,6,2025-07-25,325,279
4,7,2025-07-25,72,288
4,8,2025-07-25,80,240
5,9,2025-07-25,1140,380
5,10,2025-07-25,808,323
1,1,2025-07-26,79,237
1,2,2025-07-26,98,168
2,3,2025-07-26,5,300
2,4,2025-07-26,6,180
3,5,2025-07-26,174,232
3,6,2025-07-26,199,171
4,7,2025-07-26,30,120
4,8,2025-07-26,67,201
5,9,2025-07-26,601,200
5,10,2025-07-26,394,158
1,1,2025-07-28,126,378
1,2,2025-07-28,185,317
2,3,2025-07-28,8,480
2,4,2025-07-28,12,360
3,5,2025-07-28,276,368
3,6,2025-07-28,496,425
4,7,2025-07-28,48,192
4,8,2025-07-28,79,237
5,9,2025-07-28,1115,372
5,10,2025-07-28,686,274
1,1,2025-07-29,112,336
1,2,2025-07-29,235,403
2,3,2025-07-29,9,540
2,4,2025-07-29,8,240
3,5,2025-07-29,200,267
3,6,2025-07-29,343,294
4,7,2025-07-29,83,332
4,8,2025-07-29,126,378
5,9,2025-07-29,735,245
5,10,2025-07-29,564,226
1,1,2025-07-30,84,252
1,2,2025-07-30,170,291
2,3,2025-07-30,10,600
2,4,2025-07-30,11,330
3,5,2025-07-30,302,403
3,6,2025-07-30,418,358
4,7,2025-07-30,81,324
4,8,2025-07-30,74,222
5,9,2025-07-30,857,286
5,10,2025-07-30,847,339
1,1,2025-07-31,108,324
1,2,2025-07-31,187,321
2,3,2025-07-31,6,360
2,4,2025-07-31,13,390
3,5,2025-07-31,215,287
3,6,2025-07-31,475,407
4,7,2025-07-31,53,212
4,8,2025-07-31,137,411
5,9,2025-07-31,1075,358
5,10,2025-07-31,703,281
1,1,2025-08-01,100,300
1,2,2025-08-01,223,382
2,3,2025-08-01,6,360
2,4,2025-08-01,9,270
3,5,2025-08-01,227,303
3,6,2025-08-01,307,263
4,7,2025-08-01,56,224
4,8,2025-08-01,133,399
5,9,2025-08-01,1230,410
5,10,2025-08-01,698,279
1,1,2025-08-02,83,249
1,2,2025-08-02,127,218
2,3,2025-08-02,2,120
2,4,2025-08-02,6,180
3,5,2025-08-02,163,217
3,6,2025-08-02,310,266
4,7,2025-08-02,44,176
4,8,2025-08-02,58,174
5,9,2025-08-02,595,198
5,10,2025-08-02,513,205
1,1,2025-08-04,131,393
1,2,2025-08-04,227,389
2,3,2025-08-04,10,600
2,4,2025-08-04,11,330
3,5,2025-08-04,298,397
3,6,2025-08-04,517,443
4,7,2025-08-04,49,196
4,8,2025-08-04,140,420
5,9,2025-08-04,1255,418
5,10,2025-08-04,648,259
1,1,2025-08-05,137,411
1,2,2025-08-05,178,305
2,3,2025-08-05,10,600
2,4,2025-08-05,8,240
3,5,2025-08-05,245,327
3,6,2025-08-05,410,351
4,7,2025-08-05,77,308
4,8,2025-08-05,98,294
5,9,2025-08-05,824,275
5,10,2025-08-05,602,241
1,1,2025-08-06,130,390
1,2,2025-08-06,157,269
2,3,2025-08-06,5,300
2,4,2025-08-06,13,390
3,5,2025-08-06,199,265
3,6,2025-08-06,410,351
4,7,2025-08-06,80,320
4,8,2025-08-06,117,351
5,9,2025-08-06,1178,393
5,10,2025-08-06,911,364
1,1,2025-08-07,115,345
1,2,2025-08-07,156,267
2,3,2025-08-07,8,480
2,4,2025-08-07,7,210
3,5,2025-08-07,211,281
3,6,2025-08-07,395,339
4,7,2025-08-07,70,280
4,8,2025-08-07,131,393
5,9,2025-08-07,1238,413
5,10,2025-08-07,710,284
1,1,2025-08-08,129,387
1,2,2025-08-08,192,329
2,3,2025-08-08,10,600
2,4,2025-08-08,7,210
3,5,2025-08-08,230,307
3,6,2025-08-08,397,340
4,7,2025-08-08,86,344
4,8,2025-08-08,79,237
5,9,2025-08-08,1160,387
5,10,2025-08-08,738,295
1,1,2025-08-09,74,222
1,2,2025-08-09,124,213
2,3,2025-08-09,4,240
2,4,2025-08-09,5,150
3,5,2025-08-09,149,199
3,6,2025-08-09,322,276
4,7,2025-08-09,32,128
4,8,2025-08-09,75,225
5,9,2025-08-09,728,243
5,10,2025-08-09,580,232
1,1,2025-08-11,139,417
1,2,2025-08-11,230,394
2,3,2025-08-11,5,300
2,4,2025-08-11,11,330
3,5,2025-08-11,350,467
3,6,2025-08-11,386,331
4,7,2025-08-11,50,200
4,8,2025-08-11,102,306
5,9,2025-08-11,901,300
5,10,2025-08-11,825,330
1,1,2025-08-12,115,345
1,2,2025-08-12,175,300
2,3,2025-08-12,5,300
2,4,2025-08-12,10,300
3,5,2025-08-12,355,473
3,6,2025-08-12,328,281
4,7,2025-08-12,77,308
4,8,2025-08-12,91,273
5,9,2025-08-12,1294,431
5,10,2025-08-12,578,231
1,1,2025-08-13,90,270
1,2,2025-08-13,224,384
2,3,2025-08-13,8,480
2,4,2025-08-13,11,330
3,5,2025-08-13,204,272
3,6,2025-08-13,308,264
4,7,2025-08-13,50,200
4,8,2025-08-13,75,225
5,9,2025-08-13,1290,430
5,10,2025-08-13,635,254
1,1,2025-08-14,121,363
1,2,2025-08-14,166,285
2,3,2025-08-14,10,600
2,4,2025-08-14,12,360
3,5,2025-08-14,200,267
3,6,2025-08-14,452,387
4,7,2025-08-14,85,340
4,8,2025-08-14,139,417
5,9,2025-08-14,996,332
5,10,2025-08-14,828,331
1,1,2025-08-15,99,297
1,2,2025-08-15,201,345
2,3,2025-08-15,5,300
2,4,2025-08-15,12,360
3,5,2025-08-15,283,377
3,6,2025-08-15,439,376
4,7,2025-08-15,49,196
4,8,2025-08-15,77,231
5,9,2025-08-15,861,287
5,10,2025-08-15,725,290
1,1,2025-08-16,64,192
1,2,2025-08-16,121,207
2,3,2025-08-16,4,240
2,4,2025-08-16,5,150
3,5,2025-08-16,178,237
3,6,2025-08-16,292,250
4,7,2025-08-16,32,128
4,8,2025-08-16,66,198
5,9,2025-08-16,616,205
5,10,2025-08-16,525,210
1,1,2025-08-18,109,327
1,2,2025-08-18,155,266
2,3,2025-08-18,6,360
2,4,2025-08-18,13,390
3,5,2025-08-18,268,357
3,6,2025-08-18,343,294
4,7,2025-08-18,51,204
4,8,2025-08-18,76,228
5,9,2025-08-18,997,332
5,10,2025-08-18,984,394
1,1,2025-08-19,104,312
1,2,2025-08-19,218,374
2,3,2025-08-19,7,420
2,4,2025-08-19,9,270
3,5,2025-08-19,240,320
3,6,2025-08-19,400,343
4,7,2025-08-19,81,324
4,8,2025-08-19,110,330
5,9,2025-08-19,894,298
5,10,2025-08-19,890,356
1,1,2025-08-20,90,270
1,2,2025-08-20,203,348
2,3,2025-08-20,8,480
2,4,2025-08-20,13,390
3,5,2025-08-20,344,459
3,6,2025-08-20,394,338
4,7,2025-08-20,76,304
4,8,2025-08-20,72,216
5,9,2025-08-20,792,264
5,10,2025-08-20,983,393
1,1,2025-08-21,105,315
1,2,2025-08-21,204,350
2,3,2025-08-21,7,420
2,4,2025-08-21,9,270
3,5,2025-08-21,258,344
3,6,2025-08-21,479,411
4,7,2025-08-21,67,268
4,8,2025-08-21,76,228
5,9,2025-08-21,751,250
5,10,2025-08-21,644,258
1,1,2025-08-22,111,333
1,2,2025-08-22,216,370
2,3,2025-08-22,10,600
2,4,2025-08-22,13,390
3,5,2025-08-22,280,373
3,6,2025-08-22,464,398
4,7,2025-08-22,45,180
4,8,2025-08-22,83,249
5,9,2025-08-22,1141,380
5,10,2025-08-22,568,227
1,1,2025-08-23,82,246
1,2,2025-08-23,104,178
2,3,2025-08-23,5,300
2,4,2025-08-23,7,210
3,5,2025-08-23,190,253
3,6,2025-08-23,247,212
4,7,2025-08-23,28,112
4,8,2025-08-23,73,219
5,9,2025-08-23,451,150
5,10,2025-08-23,475,190
1,1,2025-08-25,115,345
1,2,2025-08-25,175,300
2,3,2025-08-25,10,600
2,4,2025-08-25,7,210
3,5,2025-08-25,230,307
3,6,2025-08-25,329,282
4,7,2025-08-25,70,280
4,8,2025-08-25,117,351
5,9,2025-08-25,1047,349
5,10,2025-08-25,785,314
1,1,2025-08-26,140,420
1,2,2025-08-26,186,319
2,3,2025-08-26,10,600
2,4,2025-08-26,8,240
3,5,2025-08-26,252,336
3,6,2025-08-26,485,416
4,7,2025-08-26,77,308
4,8,2025-08-26,121,363
5,9,2025-08-26,1212,404
5,10,2025-08-26,520,208
1,1,2025-08-27,82,246
1,2,2025-08-27,144,247
2,3,2025-08-27,5,300
2,4,2025-08-27,11,330
3,5,2025-08-27,337,449
3,6,2025-08-27,458,393
4,7,2025-08-27,74,296
4,8,2025-08-27,89,267
5,9,2025-08-27,1227,409
5,10,2025-08-27,571,228
1,1,2025-08-28,100,300
1,2,2025-08-28,218,374
2,3,2025-08-28,6,360
2,4,2025-08-28,8,240
3,5,2025-08-28,312,416
3,6,2025-08-28,488,418
4,7,2025-08-28,64,256
4,8,2025-08-28,113,339
5,9,2025-08-28,1219,406
5,10,2025-08-28,924,370
1,1,2025-08-29,112,336
1,2,2025-08-29,208,357
2,3,2025-08-29,7,420
2,4,2025-08-29,10,300
3,5,2025-08-29,337,449
3,6,2025-08-29,305,261
4,7,2025-08-29,68,272
4,8,2025-08-29,112,336
5,9,2025-08-29,812,271
5,10,2025-08-29,713,285
1,1,2025-08-30,70,210
1,2,2025-08-30,107,183
2,3,2025-08-30,6,360
2,4,2025-08-30,4,120
3,5,2025-08-30,203,271
3,6,2025-08-30,228,195
4,7,2025-08-30,52,208
4,8,2025-08-30,59,177
5,9,2025-08-30,451,150
5,10,2025-08-30,479,192
1,1,2025-09-01,124,372
1,2,2025-09-01,154,264
2,3,2025-09-01,6,360
2,4,2025-09-01,7,210
3,5,2025-09-01,272,363
3,6,2025-09-01,330,283
4,7,2025-09-01,71,284
4,8,2025-09-01,89,267
5,9,2025-09-01,1122,374
5,10,2025-09-01,853,341
1,1,2025-09-02,93,279
1,2,2025-09-02,192,329
2,3,2025-09-02,9,540
2,4,2025-09-02,14,420
3,5,2025-09-02,175,233
3,6,2025-09-02,430,369
4,7,2025-09-02,53,212
4,8,2025-09-02,136,408
5,9,2025-09-02,912,304
5,10,2025-09-02,787,315
1,1,2025-09-03,100,300
1,2,2025-09-03,224,384
2,3,2025-09-03,8,480
2,4,2025-09-03,15,450
3,5,2025-09-03,256,341
3,6,2025-09-03,330,283
4,7,2025-09-03,56,224
4,8,2025-09-03,128,384
5,9,2025-09-03,1245,415
5,10,2025-09-03,675,270
1,1,2025-09-04,114,342
1,2,2025-09-04,185,317
2,3,2025-09-04,10,600
2,4,2025-09-04,11,330
3,5,2025-09-04,283,377
3,6,2025-09-04,299,256
4,7,2025-09-04,60,240
4,8,2025-09-04,105,315
5,9,2025-09-04,1271,424
5,10,2025-09-04,652,261
1,1,2025-09-05,94,282
1,2,2025-09-05,178,305
2,3,2025-09-05,11,660
2,4,2025-09-05,11,330
3,5,2025-09-05,213,284
3,6,2025-09-05,426,365
4,7,2025-09-05,90,360
4,8,2025-09-05,132,396
5,9,2025-09-05,1024,341
5,10,2025-09-05,745,298
1,1,2025-09-06,61,183
1,2,2025-09-06,127,218
2,3,2025-09-06,7,420
2,4,2025-09-06,7,210
3,5,2025-09-06,140,187
3,6,2025-09-06,169,145
4,7,2025-09-06,49,196
4,8,2025-09-06,83,249
5,9,2025-09-06,653,218
5,10,2025-09-06,575,230
1,1,2025-09-08,108,324
1,2,2025-09-08,223,382
2,3,2025-09-08,7,420
2,4,2025-09-08,14,420
3,5,2025-09-08,214,285
3,6,2025-09-08,301,258
4,7,2025-09-08,79,316
4,8,2025-09-08,104,312
5,9,2025-09-08,1275,425
5,10,2025-09-08,856,342
1,1,2025-09-09,97,291
1,2,2025-09-09,157,269
2,3,2025-09-09,4,240
2,4,2025-09-09,10,300
3,5,2025-09-09,222,296
3,6,2025-09-09,262,225
4,7,2025-09-09,87,348
4,8,2025-09-09,137,411
5,9,2025-09-09,931,310
5,10,2025-09-09,826,330
1,1,2025-09-10,94,282
1,2,2025-09-10,146,250
2,3,2025-09-10,4,240
2,4,2025-09-10,13,390
3,5,2025-09-10,244,325
3,6,2025-09-10,433,371
4,7,2025-09-10,75,300
4,8,2025-09-10,82,246
5,9,2025-09-10,840,280
5,10,2025-09-10,502,201
1,1,2025-09-11,115,345
1,2,2025-09-11,160,274
2,3,2025-09-11,8,480
2,4,2025-09-11,14,420
3,5,2025-09-11,282,376
3,6,2025-09-11,416,357
4,7,2025-09-11,57,228
4,8,2025-09-11,106,318
5,9,2025-09-11,1028,343
5,10,2025-09-11,646,258
1,1,2025-09-12,121,363
1,2,2025-09-12,147,252
2,3,2025-09-12,11,660
2,4,2025-09-12,8,240
3,5,2025-09-12,219,292
3,6,2025-09-12,386,331
4,7,2025-09-12,47,188
4,8,2025-09-12,92,276
5,9,2025-09-12,1127,376
5,10,2025-09-12,951,380
1,1,2025-09-13,80,240
1,2,2025-09-13,97,166
2,3,2025-09-13,2,120
2,4,2025-09-13,8,240
3,5,2025-09-13,172,229
3,6,2025-09-13,178,153
4,7,2025-09-13,38,152
4,8,2025-09-13,44,132
5,9,2025-09-13,425,142
5,10,2025-09-13,391,156
1,1,2025-09-15,136,408
1,2,2025-09-15,157,269
2,3,2025-09-15,11,660
2,4,2025-09-15,15,450
3,5,2025-09-15,279,372
3,6,2025-09-15,319,273
4,7,2025-09-15,57,228
4,8,2025-09-15,84,252
5,9,2025-09-15,1038,346
5,10,2025-09-15,583,233
1,1,2025-09-16,126,378
1,2,2025-09-16,198,339
2,3,2025-09-16,10,600
2,4,2025-09-16,11,330
3,5,2025-09-16,207,276
3,6,2025-09-16,253,217
4,7,2025-09-16,66,264
4,8,2025-09-16,107,321
5,9,2025-09-16,1281,427
5,10,2025-09-16,845,338
1,1,2025-09-17,128,384
1,2,2025-09-17,164,281
2,3,2025-09-17,6,360
2,4,2025-09-17,13,390
3,5,2025-09-17,269,359
3,6,2025-09-17,381,327
4,7,2025-09-17,65,260
4,8,2025-09-17,81,243
5,9,2025-09-17,1110,370
5,10,2025-09-17,842,337
1,1,2025-09-18,86,258
1,2,2025-09-18,163,279
2,3,2025-09-18,6,360
2,4,2025-09-18,14,420
3,5,2025-09-18,242,323
3,6,2025-09-18,313,268
4,7,2025-09-18,45,180
4,8,2025-09-18,103,309
5,9,2025-09-18,1092,364
5,10,2025-09-18,620,248
1,1,2025-09-19,108,324
1,2,2025-09-19,236,405
2,3,2025-09-19,7,420
2,4,2025-09-19,12,360
3,5,2025-09-19,237,316
3,6,2025-09-19,399,342
4,7,2025-09-19,81,324
4,8,2025-09-19,71,213
5,9,2025-09-19,967,322
5,10,2025-09-19,834,334
1,1,2025-09-20,62,186
1,2,2025-09-20,137,235
2,3,2025-09-20,3,180
2,4,2025-09-20,4,120
3,5,2025-09-20,114,152
3,6,2025-09-20,221,189
4,7,2025-09-20,38,152
4,8,2025-09-20,54,162
5,9,2025-09-20,669,223
5,10,2025-09-20,511,204
1,1,2025-09-22,88,264
1,2,2025-09-22,201,345
2,3,2025-09-22,6,360
2,4,2025-09-22,14,420
3,5,2025-09-22,255,340
3,6,2025-09-22,356,305
4,7,2025-09-22,89,356
4,8,2025-09-22,140,420
5,9,2025-09-22,1182,394
5,10,2025-09-22,887,355
1,1,2025-09-23,114,342
1,2,2025-09-23,225,386
2,3,2025-09-23,11,660
2,4,2025-09-23,10,300
3,5,2025-09-23,223,297
3,6,2025-09-23,424,363
4,7,2025-09-23,83,332
4,8,2025-09-23,80,240
5,9,2025-09-23,1238,413
5,10,2025-09-23,728,291
1,1,2025-09-24,113,339
1,2,2025-09-24,230,394
2,3,2025-09-24,7,420
2,4,2025-09-24,8,240
3,5,2025-09-24,188,251
3,6,2025-09-24,265,227
4,7,2025-09-24,80,320
4,8,2025-09-24,134,402
5,9,2025-09-24,907,302
5,10,2025-09-24,793,317
1,1,2025-09-25,114,342
1,2,2025-09-25,159,273
2,3,2025-09-25,6,360
2,4,2025-09-25,12,360
3,5,2025-09-25,293,391
3,6,2025-09-25,363,311
4,7,2025-09-25,52,208
4,8,2025-09-25,96,288
5,9,2025-09-25,1297,432
5,10,2025-09-25,750,300
1,1,2025-09-26,85,255
1,2,2025-09-26,205,351
2,3,2025-09-26,8,480
2,4,2025-09-26,7,210
3,5,2025-09-26,276,368
3,6,2025-09-26,283,243
4,7,2025-09-26,77,308
4,8,2025-09-26,123,369
5,9,2025-09-26,1167,389
5,10,2025-09-26,788,315
1,1,2025-09-27,50,150
1,2,2025-09-27,127,218
2,3,2025-09-27,4,240
2,4,2025-09-27,7,210
3,5,2025-09-27,99,132
3,6,2025-09-27,211,181
4,7,2025-09-27,37,148
4,8,2025-09-27,42,126
5,9,2025-09-27,554,185
5,10,2025-09-27,478,191
1,1,2025-09-29,98,294
1,2,2025-09-29,192,329
2,3,2025-09-29,6,360
2,4,2025-09-29,9,270
3,5,2025-09-29,267,356
3,6,2025-09-29,345,296
4,7,2025-09-29,69,276
4,8,2025-09-29,127,381
5,9,2025-09-29,1086,362
5,10,2025-09-29,692,277
1,1,2025-09-30,85,255
1,2,2025-09-30,227,389
2,3,2025-09-30,10,600
2,4,2025-09-30,15,450
3,5,2025-09-30,194,259
3,6,2025-09-30,417,357
4,7,2025-09-30,67,268
4,8,2025-09-30,85,255
5,9,2025-09-30,882,294
5,10,2025-09-30,775,310
1,1,2025-10-01,105,315
1,2,2025-10-01,207,355
2,3,2025-10-01,6,360
2,4,2025-10-01,10,300
3,5,2025-10-01,160,213
3,6,2025-10-01,443,380
4,7,2025-10-01,46,184
4,8,2025-10-01,108,324
5,9,2025-10-01,1174,391
5,10,2025-10-01,844,338
1,1,2025-10-02,126,378
1,2,2025-10-02,209,358
2,3,2025-10-02,8,480
2,4,2025-10-02,15,450
3,5,2025-10-02,257,343
3,6,2025-10-02,308,264
4,7,2025-10-02,60,240
4,8,2025-10-02,128,384
5,9,2025-10-02,1054,351
5,10,2025-10-02,579,232
1,1,2025-10-03,97,291
1,2,2025-10-03,164,281
2,3,2025-10-03,10,600
2,4,2025-10-03,8,240
3,5,2025-10-03,168,224
3,6,2025-10-03,419,359
4,7,2025-10-03,71,284
4,8,2025-10-03,72,216
5,9,2025-10-03,946,315
5,10,2025-10-03,605,242
1,1,2025-10-04,50,150
1,2,2025-10-04,91,156
2,3,2025-10-04,6,360
2,4,2025-10-04,4,120
3,5,2025-10-04,164,219
3,6,2025-10-04,242,207
4,7,2025-10-04,53,212
4,8,2025-10-04,46,138
5,9,2025-10-04,570,190
5,10,2025-10-04,527,211
1,1,2025-10-06,94,282
1,2,2025-10-06,233,399
2,3,2025-10-06,9,540
2,4,2025-10-06,12,360
3,5,2025-10-06,242,323
3,6,2025-10-06,310,266
4,7,2025-10-06,64,256
4,8,2025-10-06,88,264
5,9,2025-10-06,1233,411
5,10,2025-10-06,613,245
1,1,2025-10-07,106,318
1,2,2025-10-07,178,305
2,3,2025-10-07,7,420
2,4,2025-10-07,7,210
3,5,2025-10-07,204,272
3,6,2025-10-07,410,351
4,7,2025-10-07,88,352
4,8,2025-10-07,124,372
5,9,2025-10-07,1269,423
5,10,2025-10-07,753,301
1,1,2025-10-08,83,249
1,2,2025-10-08,184,315
2,3,2025-10-08,10,600
2,4,2025-10-08,13,390
3,5,2025-10-08,294,392
3,6,2025-10-08,331,284
4,7,2025-10-08,89,356
4,8,2025-10-08,123,369
5,9,2025-10-08,1118,373
5,10,2025-10-08,576,230
1,1,2025-10-09,99,297
1,2,2025-10-09,188,322
2,3,2025-10-09,6,360
2,4,2025-10-09,15,450
3,5,2025-10-09,281,375
3,6,2025-10-09,311,267
4,7,2025-10-09,59,236
4,8,2025-10-09,108,324
5,9,2025-10-09,847,282
5,10,2025-10-09,912,365
1,1,2025-10-10,109,327
1,2,2025-10-10,147,252
2,3,2025-10-10,9,540
2,4,2025-10-10,13,390
3,5,2025-10-10,266,355
3,6,2025-10-10,392,336
4,7,2025-10-10,78,312
4,8,2025-10-10,87,261
5,9,2025-10-10,1097,366
5,10,2025-10-10,624,250
1,1,2025-10-11,58,174
1,2,2025-10-11,100,171
2,3,2025-10-11,4,240
2,4,2025-10-11,4,120
3,5,2025-10-11,165,220
3,6,2025-10-11,206,177
4,7,2025-10-11,30,120
4,8,2025-10-11,83,249
5,9,2025-10-11,537,179
5,10,2025-10-11,316,126
1,1,2025-10-13,135,405
1,2,2025-10-13,182,312
2,3,2025-10-13,7,420
2,4,2025-10-13,7,210
3,5,2025-10-13,214,285
3,6,2025-10-13,298,255
4,7,2025-10-13,52,208
4,8,2025-10-13,131,393
5,9,2025-10-13,948,316
5,10,2025-10-13,856,342
1,1,2025-10-14,118,354
1,2,2025-10-14,230,394
2,3,2025-10-14,6,360
2,4,2025-10-14,13,390
3,5,2025-10-14,221,295
3,6,2025-10-14,391,335
4,7,2025-10-14,65,260
4,8,2025-10-14,106,318
5,9,2025-10-14,1089,363
5,10,2025-10-14,738,295
1,1,2025-10-15,114,342
1,2,2025-10-15,223,382
2,3,2025-10-15,7,420
2,4,2025-10-15,11,330
3,5,2025-10-15,226,301
3,6,2025-10-15,342,293
4,7,2025-10-15,77,308
4,8,2025-10-15,133,399
5,9,2025-10-15,1177,392
5,10,2025-10-15,550,220
1,1,2025-10-16,131,393
1,2,2025-10-16,232,398
2,3,2025-10-16,8,480
2,4,2025-10-16,12,360
3,5,2025-10-16,212,283
3,6,2025-10-16,344,295
4,7,2025-10-16,65,260
4,8,2025-10-16,122,366
5,9,2025-10-16,746,249
5,10,2025-10-16,788,315
1,1,2025-10-17,135,405
1,2,2025-10-17,168,288
2,3,2025-10-17,10,600
2,4,2025-10-17,9,270
3,5,2025-10-17,164,219
3,6,2025-10-17,316,271
4,7,2025-10-17,80,320
4,8,2025-10-17,123,369
5,9,2025-10-17,1002,334
5,10,2025-10-17,578,231
1,1,2025-10-18,55,165
1,2,2025-10-18,109,187
2,3,2025-10-18,3,180
2,4,2025-10-18,8,240
3,5,2025-10-18,133,177
3,6,2025-10-18,226,194
4,7,2025-10-18,48,192
4,8,2025-10-18,68,204
5,9,2025-10-18,578,193
5,10,2025-10-18,534,214
1,1,2025-10-20,114,342
1,2,2025-10-20,202,346
2,3,2025-10-20,6,360
2,4,2025-10-20,15,450
3,5,2025-10-20,175,233
3,6,2025-10-20,384,329
4,7,2025-10-20,47,188
4,8,2025-10-20,79,237
5,9,2025-10-20,749,250
5,10,2025-10-20,891,356
1,1,2025-10-21,80,240
1,2,2025-10-21,192,329
2,3,2025-10-21,6,360
2,4,2025-10-21,10,300
3,5,2025-10-21,177,236
3,6,2025-10-21,431,369
4,7,2025-10-21,54,216
4,8,2025-10-21,71,213
5,9,2025-10-21,923,308
5,10,2025-10-21,758,303
1,1,2025-10-22,109,327
1,2,2025-10-22,187,321
2,3,2025-10-22,4,240
2,4,2025-10-22,14,420
3,5,2025-10-22,284,379
3,6,2025-10-22,254,218
4,7,2025-10-22,45,180
4,8,2025-10-22,138,414
5,9,2025-10-22,1264,421
5,10,2025-10-22,710,284
1,1,2025-10-23,80,240
1,2,2025-10-23,142,243
2,3,2025-10-23,9,540
2,4,2025-10-23,11,330
3,5,2025-10-23,297,396
3,6,2025-10-23,323,277
4,7,2025-10-23,46,184
4,8,2025-10-23,134,402
5,9,2025-10-23,1140,380
5,10,2025-10-23,912,365
1,1,2025-10-24,140,420
1,2,2025-10-24,162,278
2,3,2025-10-24,4,240
2,4,2025-10-24,8,240
3,5,2025-10-24,294,392
3,6,2025-10-24,288,247
4,7,2025-10-24,60,240
4,8,2025-10-24,94,282
5,9,2025-10-24,1239,413
5,10,2025-10-24,629,252
1,1,2025-10-25,79,237
1,2,2025-10-25,111,190
2,3,2025-10-25,4,240
2,4,2025-10-25,8,240
3,5,2025-10-25,108,144
3,6,2025-10-25,207,177
4,7,2025-10-25,42,168
4,8,2025-10-25,77,231
5,9,2025-10-25,767,256
5,10,2025-10-25,374,150
1,1,2025-10-27,110,330
1,2,2025-10-27,147,252
2,3,2025-10-27,10,600
2,4,2025-10-27,7,210
3,5,2025-10-27,203,271
3,6,2025-10-27,271,232
4,7,2025-10-27,76,304
4,8,2025-10-27,125,375
5,9,2025-10-27,1039,346
5,10,2025-10-27,789,316
1,1,2025-10-28,134,402
1,2,2025-10-28,152,261
2,3,2025-10-28,9,540
2,4,2025-10-28,7,210
3,5,2025-10-28,218,291
3,6,2025-10-28,304,261
4,7,2025-10-28,89,356
4,8,2025-10-28,130,390
5,9,2025-10-28,977,326
5,10,2025-10-28,523,209
1,1,2025-10-29,139,417
1,2,2025-10-29,149,255
2,3,2025-10-29,10,600
2,4,2025-10-29,11,330
3,5,2025-10-29,299,399
3,6,2025-10-29,394,338
4,7,2025-10-29,87,348
4,8,2025-10-29,74,222
5,9,2025-10-29,883,294
5,10,2025-10-29,975,390
1,1,2025-10-30,134,402
1,2,2025-10-30,180,309
2,3,2025-10-30,4,240
2,4,2025-10-30,10,300
3,5,2025-10-30,196,261
3,6,2025-10-30,442,379
4,7,2025-10-30,90,360
4,8,2025-10-30,120,360
5,9,2025-10-30,778,259
5,10,2025-10-30,653,261
1,1,2025-10-31,90,270
1,2,2025-10-31,212,363
2,3,2025-10-31,6,360
2,4,2025-10-31,13,390
3,5,2025-10-31,298,397
3,6,2025-10-31,334,286
4,7,2025-10-31,69,276
4,8,2025-10-31,87,261
5,9,2025-10-31,780,260
5,10,2025-10-31,756,302
1,1,2025-11-01,76,228
1,2,2025-11-01,110,189
2,3,2025-11-01,2,120
2,4,2025-11-01,4,120
3,5,2025-11-01,163,217
3,6,2025-11-01,185,159
4,7,2025-11-01,29,116
4,8,2025-11-01,68,204
5,9,2025-11-01,664,221
5,10,2025-11-01,598,239
1,1,2025-11-03,104,312
1,2,2025-11-03,195,334
2,3,2025-11-03,6,360
2,4,2025-11-03,13,390
3,5,2025-11-03,181,241
3,6,2025-11-03,447,383
4,7,2025-11-03,84,336
4,8,2025-11-03,107,321
5,9,2025-11-03,952,317
5,10,2025-11-03,865,346
1,1,2025-11-04,84,252
1,2,2025-11-04,150,257
2,3,2025-11-04,7,420
2,4,2025-11-04,9,270
3,5,2025-11-04,257,343
3,6,2025-11-04,432,370
4,7,2025-11-04,85,340
4,8,2025-11-04,89,267
5,9,2025-11-04,1098,366
5,10,2025-11-04,662,265
1,1,2025-11-05,103,309
1,2,2025-11-05,153,262
2,3,2025-11-05,4,240
2,4,2025-11-05,7,210
3,5,2025-11-05,238,317
3,6,2025-11-05,363,311
4,7,2025-11-05,68,272
4,8,2025-11-05,104,312
5,9,2025-11-05,804,268
5,10,2025-11-05,567,227
1,1,2025-11-06,85,255
1,2,2025-11-06,163,279
2,3,2025-11-06,8,480
2,4,2025-11-06,14,420
3,5,2025-11-06,291,388
3,6,2025-11-06,354,303
4,7,2025-11-06,51,204
4,8,2025-11-06,73,219
5,9,2025-11-06,791,264
5,10,2025-11-06,681,272
1,1,2025-11-07,115,345
1,2,2025-11-07,151,259
2,3,2025-11-07,9,540
2,4,2025-11-07,12,360
3,5,2025-11-07,258,344
3,6,2025-11-07,253,217
4,7,2025-11-07,63,252
4,8,2025-11-07,122,366
5,9,2025-11-07,1097,366
5,10,2025-11-07,898,359
1,1,2025-11-08,51,153
1,2,2025-11-08,139,238
2,3,2025-11-08,6,360
2,4,2025-11-08,6,180
3,5,2025-11-08,176,235
3,6,2025-11-08,176,151
4,7,2025-11-08,53,212
4,8,2025-11-08,71,213
5,9,2025-11-08,524,175
5,10,2025-11-08,343,137
1,1,2025-11-10,99,297
1,2,2025-11-10,201,345
2,3,2025-11-10,11,660
2,4,2025-11-10,8,240
3,5,2025-11-10,252,336
3,6,2025-11-10,314,269
4,7,2025-11-10,60,240
4,8,2025-11-10,133,399
5,9,2025-11-10,900,300
5,10,2025-11-10,734,294
1,1,2025-11-11,86,258
1,2,2025-11-11,157,269
2,3,2025-11-11,7,420
2,4,2025-11-11,7,210
3,5,2025-11-11,261,348
3,6,2025-11-11,335,287
4,7,2025-11-11,84,336
4,8,2025-11-11,118,354
5,9,2025-11-11,1037,346
5,10,2025-11-11,725,290
1,1,2025-11-12,101,303
1,2,2025-11-12,195,334
2,3,2025-11-12,11,660
2,4,2025-11-12,9,270
3,5,2025-11-12,236,315
3,6,2025-11-12,332,285
4,7,2025-11-12,83,332
4,8,2025-11-12,95,285
5,9,2025-11-12,1190,397
5,10,2025-11-12,660,264
1,1,2025-11-13,91,273
1,2,2025-11-13,190,326
2,3,2025-11-13,7,420
2,4,2025-11-13,11,330
3,5,2025-11-13,285,380
3,6,2025-11-13,397,340
4,7,2025-11-13,60,240
4,8,2025-11-13,111,333
5,9,2025-11-13,1085,362
5,10,2025-11-13,643,257
1,1,2025-11-14,132,396
1,2,2025-11-14,240,411
2,3,2025-11-14,8,480
2,4,2025-11-14,12,360
3,5,2025-11-14,189,252
3,6,2025-11-14,394,338
4,7,2025-11-14,57,228
4,8,2025-11-14,139,417
5,9,2025-11-14,884,295
5,10,2025-11-14,849,340
1,1,2025-11-15,77,231
1,2,2025-11-15,126,216
2,3,2025-11-15,2,120
2,4,2025-11-15,9,270
3,5,2025-11-15,128,171
3,6,2025-11-15,217,186
4,7,2025-11-15,38,152
4,8,2025-11-15,47,141
5,9,2025-11-15,671,224
5,10,2025-11-15,506,202
1,1,2025-11-17,104,312
1,2,2025-11-17,149,255
2,3,2025-11-17,8,480
2,4,2025-11-17,14,420
3,5,2025-11-17,262,349
3,6,2025-11-17,386,331
4,7,2025-11-17,77,308
4,8,2025-11-17,123,369
5,9,2025-11-17,1256,419
5,10,2025-11-17,518,207
1,1,2025-11-18,130,390
1,2,2025-11-18,186,319
2,3,2025-11-18,10,600
2,4,2025-11-18,15,450
3,5,2025-11-18,181,241
3,6,2025-11-18,277,237
4,7,2025-11-18,60,240
4,8,2025-11-18,115,345
5,9,2025-11-18,870,290
5,10,2025-11-18,831,332
1,1,2025-11-19,119,357
1,2,2025-11-19,145,249
2,3,2025-11-19,9,540
2,4,2025-11-19,13,390
3,5,2025-11-19,244,325
3,6,2025-11-19,360,309
4,7,2025-11-19,51,204
4,8,2025-11-19,71,213
5,9,2025-11-19,800,267
5,10,2025-11-19,632,253
1,1,2025-11-20,94,282
1,2,2025-11-20,205,351
2,3,2025-11-20,10,600
2,4,2025-11-20,15,450
3,5,2025-11-20,216,288
3,6,2025-11-20,364,312
4,7,2025-11-20,68,272
4,8,2025-11-20,120,360
5,9,2025-11-20,1174,391
5,10,2025-11-20,895,358
1,1,2025-11-21,123,369
1,2,2025-11-21,215,369
2,3,2025-11-21,10,600
2,4,2025-11-21,15,450
3,5,2025-11-21,198,264
3,6,2025-11-21,338,290
4,7,2025-11-21,46,184
4,8,2025-11-21,131,393
5,9,2025-11-21,807,269
5,10,2025-11-21,651,260
1,1,2025-11-22,64,192
1,2,2025-11-22,90,154
2,3,2025-11-22,2,120
2,4,2025-11-22,6,180
3,5,2025-11-22,149,199
3,6,2025-11-22,197,169
4,7,2025-11-22,40,160
4,8,2025-11-22,77,231
5,9,2025-11-22,547,182
5,10,2025-11-22,460,184
1,1,2025-11-24,99,297
1,2,2025-11-24,145,249
2,3,2025-11-24,11,660
2,4,2025-11-24,8,240
3,5,2025-11-24,165,220
3,6,2025-11-24,337,289
4,7,2025-11-24,86,344
4,8,2025-11-24,83,249
5,9,2025-11-24,868,289
5,10,2025-11-24,976,390
1,1,2025-11-25,127,381
1,2,2025-11-25,171,293
2,3,2025-11-25,9,540
2,4,2025-11-25,9,270
3,5,2025-11-25,200,267
3,6,2025-11-25,334,286
4,7,2025-11-25,80,320
4,8,2025-11-25,124,372
5,9,2025-11-25,1173,391
5,10,2025-11-25,618,247
1,1,2025-11-26,131,393
1,2,2025-11-26,191,327
2,3,2025-11-26,10,600
2,4,2025-11-26,9,270
3,5,2025-11-26,207,276
3,6,2025-11-26,413,354
4,7,2025-11-26,87,348
4,8,2025-11-26,125,375
5,9,2025-11-26,1105,368
5,10,2025-11-26,514,206
1,1,2025-11-27,127,381
1,2,2025-11-27,218,374
2,3,2025-11-27,6,360
2,4,2025-11-27,14,420
3,5,2025-11-27,269,359
3,6,2025-11-27,349,299
4,7,2025-11-27,45,180
4,8,2025-11-27,97,291
5,9,2025-11-27,910,303
5,10,2025-11-27,642,257
1,1,2025-11-28,128,384
1,2,2025-11-28,230,394
2,3,2025-11-28,11,660
2,4,2025-11-28,8,240
3,5,2025-11-28,186,248
3,6,2025-11-28,387,332
4,7,2025-11-28,56,224
4,8,2025-11-28,116,348
5,9,2025-11-28,1033,344
5,10,2025-11-28,600,240
1,1,2025-11-29,65,195
1,2,2025-11-29,92,158
2,3,2025-11-29,4,240
2,4,2025-11-29,9,270
3,5,2025-11-29,177,236
3,6,2025-11-29,248,213
4,7,2025-11-29,39,156
4,8,2025-11-29,71,213
5,9,2025-11-29,661,220
5,10,2025-11-29,480,192
1,1,2025-12-01,88,264
1,2,2025-12-01,180,309
2,3,2025-12-01,4,240
2,4,2025-12-01,10,300
3,5,2025-12-01,238,317
3,6,2025-12-01,279,239
4,7,2025-12-01,56,224
4,8,2025-12-01,117,351
5,9,2025-12-01,844,281
5,10,2025-12-01,761,304
1,1,2025-12-02,104,312
1,2,2025-12-02,193,331
2,3,2025-12-02,9,540
2,4,2025-12-02,9,270
3,5,2025-12-02,258,344
3,6,2025-12-02,358,307
4,7,2025-12-02,56,224
4,8,2025-12-02,132,396
5,9,2025-12-02,1250,417
5,10,2025-12-02,855,342
1,1,2025-12-03,138,414
1,2,2025-12-03,222,381
2,3,2025-12-03,6,360
2,4,2025-12-03,15,450
3,5,2025-12-03,202,269
3,6,2025-12-03,375,321
4,7,2025-12-03,63,252
4,8,2025-12-03,87,261
5,9,2025-12-03,891,297
5,10,2025-12-03,661,264
1,1,2025-12-04,133,399
1,2,2025-12-04,197,338
2,3,2025-12-04,9,540
2,4,2025-12-04,7,210
3,5,2025-12-04,251,335
3,6,2025-12-04,252,216
4,7,2025-12-04,76,304
4,8,2025-12-04,87,261
5,9,2025-12-04,899,300
5,10,2025-12-04,917,367
1,1,2025-12-05,104,312
1,2,2025-12-05,211,362
2,3,2025-12-05,9,540
2,4,2025-12-05,14,420
3,5,2025-12-05,264,352
3,6,2025-12-05,425,364
4,7,2025-12-05,76,304
4,8,2025-12-05,123,369
5,9,2025-12-05,1154,385
5,10,2025-12-05,750,300
1,1,2025-12-06,54,162
1,2,2025-12-06,90,154
2,3,2025-12-06,6,360
2,4,2025-12-06,4,120
3,5,2025-12-06,130,173
3,6,2025-12-06,194,166
4,7,2025-12-06,28,112
4,8,2025-12-06,63,189
5,9,2025-12-06,558,186
5,10,2025-12-06,465,186
1,1,2025-12-08,97,291
1,2,2025-12-08,239,410
2,3,2025-12-08,9,540
2,4,2025-12-08,12,360
3,5,2025-12-08,298,397
3,6,2025-12-08,443,380
4,7,2025-12-08,47,188
4,8,2025-12-08,126,378
5,9,2025-12-08,1259,420
5,10,2025-12-08,611,244
1,1,2025-12-09,107,321
1,2,2025-12-09,153,262
2,3,2025-12-09,10,600
2,4,2025-12-09,10,300
3,5,2025-12-09,236,315
3,6,2025-12-09,258,221
4,7,2025-12-09,73,292
4,8,2025-12-09,103,309
5,9,2025-12-09,1056,352
5,10,2025-12-09,941,376
1,1,2025-12-10,132,396
1,2,2025-12-10,151,259
2,3,2025-12-10,8,480
2,4,2025-12-10,8,240
3,5,2025-12-10,220,293
3,6,2025-12-10,303,260
4,7,2025-12-10,82,328
4,8,2025-12-10,114,342
5,9,2025-12-10,1138,379
5,10,2025-12-10,584,234
1,1,2025-12-11,119,357
1,2,2025-12-11,157,269
2,3,2025-12-11,11,660
2,4,2025-12-11,10,300
3,5,2025-12-11,212,283
3,6,2025-12-11,265,227
4,7,2025-12-11,81,324
4,8,2025-12-11,114,342
5,9,2025-12-11,1245,415
5,10,2025-12-11,643,257
1,1,2025-12-12,118,354
1,2,2025-12-12,208,357
2,3,2025-12-12,6,360
2,4,2025-12-12,12,360
3,5,2025-12-12,234,312
3,6,2025-12-12,324,278
4,7,2025-12-12,81,324
4,8,2025-12-12,104,312
5,9,2025-12-12,1226,409
5,10,2025-12-12,960,384
1,1,2025-12-13,74,222
1,2,2025-12-13,91,156
2,3,2025-12-13,3,180
2,4,2025-12-13,8,240
3,5,2025-12-13,105,140
3,6,2025-12-13,192,165
4,7,2025-12-13,52,208
4,8,2025-12-13,52,156
5,9,2025-12-13,501,167
5,10,2025-12-13,376,150
1,1,2025-12-15,108,324
1,2,2025-12-15,149,255
2,3,2025-12-15,10,600
2,4,2025-12-15,8,240
3,5,2025-12-15,263,351
3,6,2025-12-15,381,327
4,7,2025-12-15,62,248
4,8,2025-12-15,117,351
5,9,2025-12-15,1165,388
5,10,2025-12-15,986,394
1,1,2025-12-16,111,333
1,2,2025-12-16,181,310
2,3,2025-12-16,9,540
2,4,2025-12-16,7,210
3,5,2025-12-16,183,244
3,6,2025-12-16,437,375
4,7,2025-12-16,74,296
4,8,2025-12-16,115,345
5,9,2025-12-16,764,255
5,10,2025-12-16,907,363
1,1,2025-12-17,114,342
1,2,2025-12-17,190,326
2,3,2025-12-17,6,360
2,4,2025-12-17,13,390
3,5,2025-12-17,214,285
3,6,2025-12-17,376,322
4,7,2025-12-17,62,248
4,8,2025-12-17,111,333
5,9,2025-12-17,990,330
5,10,2025-12-17,672,269
1,1,2025-12-18,115,345
1,2,2025-12-18,213,365
2,3,2025-12-18,6,360
2,4,2025-12-18,14,420
3,5,2025-12-18,247,329
3,6,2025-12-18,424,363
4,7,2025-12-18,48,192
4,8,2025-12-18,75,225
5,9,2025-12-18,801,267
5,10,2025-12-18,820,328
1,1,2025-12-19,130,390
1,2,2025-12-19,198,339
2,3,2025-12-19,4,240
2,4,2025-12-19,8,240
3,5,2025-12-19,200,267
3,6,2025-12-19,362,310
4,7,2025-12-19,74,296
4,8,2025-12-19,70,210
5,9,2025-12-19,1138,379
5,10,2025-12-19,603,241
1,1,2025-12-20,74,222
1,2,2025-12-20,94,161
2,3,2025-12-20,6,360
2,4,2025-12-20,7,210
3,5,2025-12-20,120,160
3,6,2025-12-20,192,165
4,7,2025-12-20,30,120
4,8,2025-12-20,70,210
5,9,2025-12-20,574,191
5,10,2025-12-20,325,130
1,1,2025-12-22,121,363
1,2,2025-12-22,151,259
2,3,2025-12-22,10,600
2,4,2025-12-22,8,240
3,5,2025-12-22,160,213
3,6,2025-12-22,304,261
4,7,2025-12-22,75,300
4,8,2025-12-22,79,237
5,9,2025-12-22,835,278
5,10,2025-12-22,803,321
1,1,2025-12-23,94,282
1,2,2025-12-23,206,353
2,3,2025-12-23,10,600
2,4,2025-12-23,14,420
3,5,2025-12-23,162,216
3,6,2025-12-23,252,216
4,7,2025-12-23,89,356
4,8,2025-12-23,113,339
5,9,2025-12-23,823,274
5,10,2025-12-23,940,376
1,1,2025-12-24,107,321
1,2,2025-12-24,228,391
2,3,2025-12-24,6,360
2,4,2025-12-24,14,420
3,5,2025-12-24,178,237
3,6,2025-12-24,308,264
4,7,2025-12-24,69,276
4,8,2025-12-24,81,243
5,9,2025-12-24,804,268
5,10,2025-12-24,552,221
1,1,2025-12-25,100,300
1,2,2025-12-25,187,321
2,3,2025-12-25,7,420
2,4,2025-12-25,9,270
3,5,2025-12-25,257,343
3,6,2025-12-25,448,384
4,7,2025-12-25,53,212
4,8,2025-12-25,88,264
5,9,2025-12-25,770,257
5,10,2025-12-25,771,308
1,1,2025-12-26,116,348
1,2,2025-12-26,141,242
2,3,2025-12-26,9,540
2,4,2025-12-26,9,270
3,5,2025-12-26,272,363
3,6,2025-12-26,339,291
4,7,2025-12-26,58,232
4,8,2025-12-26,89,267
5,9,2025-12-26,1121,374
5,10,2025-12-26,815,326
1,1,2025-12-27,74,222
1,2,2025-12-27,118,202
2,3,2025-12-27,7,420
2,4,2025-12-27,6,180
3,5,2025-12-27,109,145
3,6,2025-12-27,165,141
4,7,2025-12-27,32,128
4,8,2025-12-27,51,153
5,9,2025-12-27,656,219
5,10,2025-12-27,407,163
1,1,2025-12-29,118,354
1,2,2025-12-29,216,370
2,3,2025-12-29,10,600
2,4,2025-12-29,11,330
3,5,2025-12-29,166,221
3,6,2025-12-29,418,358
4,7,2025-12-29,64,256
4,8,2025-12-29,96,288
5,9,2025-12-29,1230,410
5,10,2025-12-29,810,324
1,1,2025-12-30,112,336
1,2,2025-12-30,164,281
2,3,2025-12-30,10,600
2,4,2025-12-30,13,390
3,5,2025-12-30,235,313
3,6,2025-12-30,415,356
4,7,2025-12-30,48,192
4,8,2025-12-30,100,300
5,9,2025-12-30,1206,402
5,10,2025-12-30,697,279
1,1,2025-12-31,87,261
1,2,2025-12-31,170,291
2,3,2025-12-31,8,480
2,4,2025-12-31,8,240
3,5,2025-12-31,295,393
3,6,2025-12-31,253,217
4,7,2025-12-31,68,272
4,8,2025-12-31,110,330
5,9,2025-12-31,835,278
5,10,2025-12-31,698,279
