site_id,water_date,water_consumption_m3,water_cost
1,2025-01-01,58.64,246.29
2,2025-01-01,19.18,80.56
3,2025-01-01,95.97,403.07
4,2025-01-01,42.12,176.9
5,2025-01-01,356.27,1496.33
1,2025-01-02,63.15,265.23
2,2025-01-02,20.61,86.56
3,2025-01-02,88.53,371.83
4,2025-01-02,48.35,203.07
5,2025-01-02,284.74,1195.91
1,2025-01-03,61.64,258.89
2,2025-01-03,20.91,87.82
3,2025-01-03,99.51,417.94
4,2025-01-03,45.89,192.74
5,2025-01-03,317.16,1332.07
1,2025-01-04,28.06,117.85
2,2025-01-04,11.7,49.14
3,2025-01-04,43.22,181.52
4,2025-01-04,24.09,101.18
5,2025-01-04,116.1,487.62
1,2025-01-06,59.72,250.82
2,2025-01-06,20.85,87.57
3,2025-01-06,112.88,474.1
4,2025-01-06,47.7,200.34
5,2025-01-06,379.51,1593.94
1,2025-01-07,56.78,238.48
2,2025-01-07,19.25,80.85
3,2025-01-07,90.8,381.36
4,2025-01-07,45.32,190.34
5,2025-01-07,339.39,1425.44
1,2025-01-08,66.19,278.0
2,2025-01-08,21.22,89.12
3,2025-01-08,100.83,423.49
4,2025-01-08,48.06,201.85
5,2025-01-08,348.88,1465.3
1,2025-01-09,68.68,288.46
2,2025-01-09,21.04,88.37
3,2025-01-09,108.0,453.6
4,2025-01-09,46.27,194.33
5,2025-01-09,361.94,1520.15
1,2025-01-10,64.14,269.39
2,2025-01-10,19.95,83.79
3,2025-01-10,111.04,466.37
4,2025-01-10,42.97,180.47
5,2025-01-10,341.94,1436.15
1,2025-01-11,25.99,109.16
2,2025-01-11,11.43,48.01
3,2025-01-11,37.45,157.29
4,2025-01-11,25.13,105.55
5,2025-01-11,129.99,545.96
1,2025-01-13,63.5,266.7
2,2025-01-13,20.07,84.29
3,2025-01-13,106.33,446.59
4,2025-01-13,46.2,194.04
5,2025-01-13,382.87,1608.05
1,2025-01-14,63.88,268.3
2,2025-01-14,19.26,80.89
3,2025-01-14,112.09,470.78
4,2025-01-14,45.81,192.4
5,2025-01-14,286.41,1202.92
1,2025-01-15,66.17,277.91
2,2025-01-15,21.04,88.37
3,2025-01-15,111.07,466.49
4,2025-01-15,43.44,182.45
5,2025-01-15,418.52,1757.78
1,2025-01-16,66.58,279.64
2,2025-01-16,20.11,84.46
3,2025-01-16,91.42,383.96
4,2025-01-16,44.94,188.75
5,2025-01-16,317.08,1331.74
1,2025-01-17,65.46,274.93
2,2025-01-17,21.59,90.68
3,2025-01-17,110.01,462.04
4,2025-01-17,44.66,187.57
5,2025-01-17,393.05,1650.81
1,2025-01-18,25.95,108.99
2,2025-01-18,12.35,51.87
3,2025-01-18,51.77,217.43
4,2025-01-18,22.76,95.59
5,2025-01-18,130.23,546.97
1,2025-01-20,56.47,237.17
2,2025-01-20,20.48,86.02
3,2025-01-20,91.11,382.66
4,2025-01-20,53.04,222.77
5,2025-01-20,351.99,1478.36
1,2025-01-21,59.43,249.61
2,2025-01-21,21.86,91.81
3,2025-01-21,108.69,456.5
4,2025-01-21,45.92,192.86
5,2025-01-21,319.38,1341.4
1,2025-01-22,63.36,266.11
2,2025-01-22,20.86,87.61
3,2025-01-22,119.82,503.24
4,2025-01-22,44.59,187.28
5,2025-01-22,277.25,1164.45
1,2025-01-23,53.66,225.37
2,2025-01-23,21.86,91.81
3,2025-01-23,111.19,467.0
4,2025-01-23,44.66,187.57
5,2025-01-23,330.83,1389.49
1,2025-01-24,54.25,227.85
2,2025-01-24,20.51,86.14
3,2025-01-24,96.05,403.41
4,2025-01-24,48.06,201.85
5,2025-01-24,303.68,1275.46
1,2025-01-25,29.64,124.49
2,2025-01-25,11.48,48.22
3,2025-01-25,45.61,191.56
4,2025-01-25,25.36,106.51
5,2025-01-25,144.08,605.14
1,2025-01-27,68.05,285.81
2,2025-01-27,19.44,81.65
3,2025-01-27,98.05,411.81
4,2025-01-27,43.12,181.1
5,2025-01-27,317.89,1335.14
1,2025-01-28,63.05,264.81
2,2025-01-28,19.88,83.5
3,2025-01-28,104.6,439.32
4,2025-01-28,49.07,206.09
5,2025-01-28,352.47,1480.37
1,2025-01-29,60.99,256.16
2,2025-01-29,20.83,87.49
3,2025-01-29,88.91,373.42
4,2025-01-29,51.93,218.11
5,2025-01-29,315.88,1326.7
1,2025-01-30,62.08,260.74
2,2025-01-30,19.61,82.36
3,2025-01-30,106.41,446.92
4,2025-01-30,51.96,218.23
5,2025-01-30,369.83,1553.29
1,2025-01-31,54.26,227.89
2,2025-01-31,19.54,82.07
3,2025-01-31,98.94,415.55
4,2025-01-31,50.52,212.18
5,2025-01-31,318.21,1336.48
1,2025-02-01,30.55,128.31
2,2025-02-01,11.61,48.76
3,2025-02-01,44.13,185.35
4,2025-02-01,24.46,102.73
5,2025-02-01,136.66,573.97
1,2025-02-03,62.24,261.41
2,2025-02-03,21.08,88.54
3,2025-02-03,86.83,364.69
4,2025-02-03,47.0,197.4
5,2025-02-03,281.4,1181.88
1,2025-02-04,55.28,232.18
2,2025-02-04,20.6,86.52
3,2025-02-04,102.48,430.42
4,2025-02-04,46.26,194.29
5,2025-02-04,390.82,1641.44
1,2025-02-05,63.93,268.51
2,2025-02-05,20.6,86.52
3,2025-02-05,110.89,465.74
4,2025-02-05,45.39,190.64
5,2025-02-05,308.69,1296.5
1,2025-02-06,57.57,241.79
2,2025-02-06,19.96,83.83
3,2025-02-06,110.26,463.09
4,2025-02-06,40.67,170.81
5,2025-02-06,369.05,1550.01
1,2025-02-07,54.7,229.74
2,2025-02-07,20.71,86.98
3,2025-02-07,104.39,438.44
4,2025-02-07,46.16,193.87
5,2025-02-07,397.05,1667.61
1,2025-02-08,25.29,106.22
2,2025-02-08,11.59,48.68
3,2025-02-08,43.21,181.48
4,2025-02-08,23.92,100.46
5,2025-02-08,126.53,531.43
1,2025-02-10,60.24,253.01
2,2025-02-10,20.59,86.48
3,2025-02-10,100.76,423.19
4,2025-02-10,49.93,209.71
5,2025-02-10,387.83,1628.89
1,2025-02-11,52.51,220.54
2,2025-02-11,19.47,81.77
3,2025-02-11,92.13,386.95
4,2025-02-11,44.97,188.87
5,2025-02-11,322.52,1354.58
1,2025-02-12,57.06,239.65
2,2025-02-12,21.19,89.0
3,2025-02-12,122.81,515.8
4,2025-02-12,40.94,171.95
5,2025-02-12,337.54,1417.67
1,2025-02-13,67.0,281.4
2,2025-02-13,21.34,89.63
3,2025-02-13,93.49,392.66
4,2025-02-13,49.89,209.54
5,2025-02-13,306.96,1289.23
1,2025-02-14,52.75,221.55
2,2025-02-14,19.99,83.96
3,2025-02-14,93.23,391.57
4,2025-02-14,47.43,199.21
5,2025-02-14,292.33,1227.79
1,2025-02-15,30.99,130.16
2,2025-02-15,12.14,50.99
3,2025-02-15,37.97,159.47
4,2025-02-15,24.42,102.56
5,2025-02-15,128.67,540.41
1,2025-02-17,61.5,258.3
2,2025-02-17,21.08,88.54
3,2025-02-17,114.44,480.65
4,2025-02-17,44.35,186.27
5,2025-02-17,285.73,1200.07
1,2025-02-18,57.51,241.54
2,2025-02-18,20.32,85.34
3,2025-02-18,89.63,376.45
4,2025-02-18,46.55,195.51
5,2025-02-18,386.99,1625.36
1,2025-02-19,62.82,263.84
2,2025-02-19,20.63,86.65
3,2025-02-19,94.34,396.23
4,2025-02-19,45.15,189.63
5,2025-02-19,273.12,1147.1
1,2025-02-20,65.37,274.55
2,2025-02-20,20.56,86.35
3,2025-02-20,121.73,511.27
4,2025-02-20,44.12,185.3
5,2025-02-20,383.18,1609.36
1,2025-02-21,61.26,257.29
2,2025-02-21,20.22,84.92
3,2025-02-21,97.45,409.29
4,2025-02-21,52.18,219.16
5,2025-02-21,297.49,1249.46
1,2025-02-22,26.65,111.93
2,2025-02-22,12.04,50.57
3,2025-02-22,49.13,206.35
4,2025-02-22,22.9,96.18
5,2025-02-22,145.89,612.74
1,2025-02-24,61.31,257.5
2,2025-02-24,19.8,83.16
3,2025-02-24,107.89,453.14
4,2025-02-24,45.43,190.81
5,2025-02-24,314.69,1321.7
1,2025-02-25,57.17,240.11
2,2025-02-25,21.56,90.55
3,2025-02-25,111.38,467.8
4,2025-02-25,46.99,197.36
5,2025-02-25,380.4,1597.68
1,2025-02-26,67.55,283.71
2,2025-02-26,20.23,84.97
3,2025-02-26,110.4,463.68
4,2025-02-26,51.45,216.09
5,2025-02-26,323.15,1357.23
1,2025-02-27,70.97,298.07
2,2025-02-27,19.76,82.99
3,2025-02-27,95.47,400.97
4,2025-02-27,43.19,181.4
5,2025-02-27,269.02,1129.88
1,2025-02-28,62.82,263.84
2,2025-02-28,20.96,88.03
3,2025-02-28,108.04,453.77
4,2025-02-28,47.21,198.28
5,2025-02-28,373.29,1567.82
1,2025-03-01,30.18,126.76
2,2025-03-01,11.81,49.6
3,2025-03-01,50.62,212.6
4,2025-03-01,24.73,103.87
5,2025-03-01,147.42,619.16
1,2025-03-03,69.43,291.61
2,2025-03-03,22.34,93.83
3,2025-03-03,134.27,563.93
4,2025-03-03,50.32,211.34
5,2025-03-03,413.37,1736.15
1,2025-03-04,64.94,272.75
2,2025-03-04,22.0,92.4
3,2025-03-04,127.42,535.16
4,2025-03-04,49.25,206.85
5,2025-03-04,378.96,1591.63
1,2025-03-05,64.79,272.12
2,2025-03-05,21.09,88.58
3,2025-03-05,126.84,532.73
4,2025-03-05,50.42,211.76
5,2025-03-05,326.43,1371.01
1,2025-03-06,62.58,262.84
2,2025-03-06,20.14,84.59
3,2025-03-06,108.27,454.73
4,2025-03-06,46.71,196.18
5,2025-03-06,306.36,1286.71
1,2025-03-07,65.15,273.63
2,2025-03-07,20.96,88.03
3,2025-03-07,130.58,548.44
4,2025-03-07,45.3,190.26
5,2025-03-07,370.79,1557.32
1,2025-03-08,34.34,144.23
2,2025-03-08,12.86,54.01
3,2025-03-08,49.55,208.11
4,2025-03-08,24.77,104.03
5,2025-03-08,144.37,606.35
1,2025-03-10,57.4,241.08
2,2025-03-10,22.02,92.48
3,2025-03-10,119.82,503.24
4,2025-03-10,49.88,209.5
5,2025-03-10,354.74,1489.91
1,2025-03-11,66.74,280.31
2,2025-03-11,20.97,88.07
3,2025-03-11,116.11,487.66
4,2025-03-11,45.87,192.65
5,2025-03-11,373.48,1568.62
1,2025-03-12,61.09,256.58
2,2025-03-12,21.54,90.47
3,2025-03-12,123.71,519.58
4,2025-03-12,50.21,210.88
5,2025-03-12,340.96,1432.03
1,2025-03-13,64.04,268.97
2,2025-03-13,20.64,86.69
3,2025-03-13,116.52,489.38
4,2025-03-13,48.91,205.42
5,2025-03-13,355.33,1492.39
1,2025-03-14,62.68,263.26
2,2025-03-14,20.66,86.77
3,2025-03-14,100.62,422.6
4,2025-03-14,43.12,181.1
5,2025-03-14,316.67,1330.01
1,2025-03-15,30.38,127.6
2,2025-03-15,12.32,51.74
3,2025-03-15,49.64,208.49
4,2025-03-15,25.14,105.59
5,2025-03-15,138.59,582.08
1,2025-03-17,67.7,284.34
2,2025-03-17,22.29,93.62
3,2025-03-17,123.42,518.36
4,2025-03-17,52.95,222.39
5,2025-03-17,324.6,1363.32
1,2025-03-18,66.37,278.75
2,2025-03-18,21.0,88.2
3,2025-03-18,112.5,472.5
4,2025-03-18,53.88,226.3
5,2025-03-18,344.63,1447.45
1,2025-03-19,70.2,294.84
2,2025-03-19,20.47,85.97
3,2025-03-19,133.79,561.92
4,2025-03-19,47.66,200.17
5,2025-03-19,397.36,1668.91
1,2025-03-20,70.65,296.73
2,2025-03-20,20.77,87.23
3,2025-03-20,121.01,508.24
4,2025-03-20,50.0,210.0
5,2025-03-20,420.11,1764.46
1,2025-03-21,67.0,281.4
2,2025-03-21,20.78,87.28
3,2025-03-21,109.86,461.41
4,2025-03-21,46.04,193.37
5,2025-03-21,357.06,1499.65
1,2025-03-22,32.04,134.57
2,2025-03-22,13.16,55.27
3,2025-03-22,43.3,181.86
4,2025-03-22,26.35,110.67
5,2025-03-22,129.83,545.29
1,2025-03-24,64.19,269.6
2,2025-03-24,21.12,88.7
3,2025-03-24,135.14,567.59
4,2025-03-24,48.08,201.94
5,2025-03-24,424.11,1781.26
1,2025-03-25,65.08,273.34
2,2025-03-25,22.01,92.44
3,2025-03-25,105.32,442.34
4,2025-03-25,48.04,201.77
5,2025-03-25,328.73,1380.67
1,2025-03-26,69.88,293.5
2,2025-03-26,21.12,88.7
3,2025-03-26,129.76,544.99
4,2025-03-26,53.26,223.69
5,2025-03-26,347.21,1458.28
1,2025-03-27,67.15,282.03
2,2025-03-27,20.76,87.19
3,2025-03-27,114.24,479.81
4,2025-03-27,44.28,185.98
5,2025-03-27,341.04,1432.37
1,2025-03-28,68.46,287.53
2,2025-03-28,21.91,92.02
3,2025-03-28,111.53,468.43
4,2025-03-28,50.85,213.57
5,2025-03-28,404.0,1696.8
1,2025-03-29,26.41,110.92
2,2025-03-29,12.73,53.47
3,2025-03-29,45.92,192.86
4,2025-03-29,24.5,102.9
5,2025-03-29,127.67,536.21
1,2025-03-31,74.11,311.26
2,2025-03-31,20.7,86.94
3,2025-03-31,114.03,478.93
4,2025-03-31,50.83,213.49
5,2025-03-31,382.93,1608.31
1,2025-04-01,58.46,245.53
2,2025-04-01,20.33,85.39
3,2025-04-01,115.62,485.6
4,2025-04-01,51.16,214.87
5,2025-04-01,361.5,1518.3
1,2025-04-02,71.07,298.49
2,2025-04-02,21.44,90.05
3,2025-04-02,102.17,429.11
4,2025-04-02,51.14,214.79
5,2025-04-02,281.71,1183.18
1,2025-04-03,62.4,262.08
2,2025-04-03,21.61,90.76
3,2025-04-03,134.87,566.45
4,2025-04-03,52.4,220.08
5,2025-04-03,423.19,1777.4
1,2025-04-04,61.96,260.23
2,2025-04-04,21.14,88.79
3,2025-04-04,128.21,538.48
4,2025-04-04,50.03,210.13
5,2025-04-04,374.24,1571.81
1,2025-04-05,28.57,119.99
2,2025-04-05,11.96,50.23
3,2025-04-05,52.82,221.84
4,2025-04-05,24.56,103.15
5,2025-04-05,122.51,514.54
1,2025-04-07,62.32,261.74
2,2025-04-07,22.06,92.65
3,2025-04-07,115.82,486.44
4,2025-04-07,49.3,207.06
5,2025-04-07,367.73,1544.47
1,2025-04-08,66.67,280.01
2,2025-04-08,20.81,87.4
3,2025-04-08,114.02,478.88
4,2025-04-08,51.44,216.05
5,2025-04-08,353.29,1483.82
1,2025-04-09,58.1,244.02
2,2025-04-09,21.07,88.49
3,2025-04-09,108.04,453.77
4,2025-04-09,51.9,217.98
5,2025-04-09,349.96,1469.83
1,2025-04-10,66.69,280.1
2,2025-04-10,21.77,91.43
3,2025-04-10,118.06,495.85
4,2025-04-10,54.54,229.07
5,2025-04-10,355.36,1492.51
1,2025-04-11,57.22,240.32
2,2025-04-11,21.28,89.38
3,2025-04-11,99.86,419.41
4,2025-04-11,49.05,206.01
5,2025-04-11,418.77,1758.83
1,2025-04-12,27.67,116.21
2,2025-04-12,12.26,51.49
3,2025-04-12,52.71,221.38
4,2025-04-12,25.81,108.4
5,2025-04-12,163.8,687.96
1,2025-04-14,68.12,286.1
2,2025-04-14,21.98,92.32
3,2025-04-14,124.02,520.88
4,2025-04-14,56.64,237.89
5,2025-04-14,386.69,1624.1
1,2025-04-15,68.48,287.62
2,2025-04-15,22.4,94.08
3,2025-04-15,112.4,472.08
4,2025-04-15,49.59,208.28
5,2025-04-15,335.74,1410.11
1,2025-04-16,69.66,292.57
2,2025-04-16,22.21,93.28
3,2025-04-16,119.1,500.22
4,2025-04-16,51.53,216.43
5,2025-04-16,330.43,1387.81
1,2025-04-17,64.64,271.49
2,2025-04-17,22.09,92.78
3,2025-04-17,142.5,598.5
4,2025-04-17,46.99,197.36
5,2025-04-17,349.66,1468.57
1,2025-04-18,57.16,240.07
2,2025-04-18,21.14,88.79
3,2025-04-18,95.71,401.98
4,2025-04-18,49.59,208.28
5,2025-04-18,317.05,1331.61
1,2025-04-19,26.88,112.9
2,2025-04-19,12.24,51.41
3,2025-04-19,44.31,186.1
4,2025-04-19,26.21,110.08
5,2025-04-19,126.47,531.17
1,2025-04-21,62.58,262.84
2,2025-04-21,21.37,89.75
3,2025-04-21,114.82,482.24
4,2025-04-21,52.22,219.32
5,2025-04-21,359.68,1510.66
1,2025-04-22,61.47,258.17
2,2025-04-22,21.94,92.15
3,2025-04-22,129.84,545.33
4,2025-04-22,46.81,196.6
5,2025-04-22,386.81,1624.6
1,2025-04-23,64.89,272.54
2,2025-04-23,20.61,86.56
3,2025-04-23,114.97,482.87
4,2025-04-23,54.34,228.23
5,2025-04-23,364.59,1531.28
1,2025-04-24,73.42,308.36
2,2025-04-24,21.43,90.01
3,2025-04-24,127.43,535.21
4,2025-04-24,47.92,201.26
5,2025-04-24,402.7,1691.34
1,2025-04-25,66.06,277.45
2,2025-04-25,20.45,85.89
3,2025-04-25,135.48,569.02
4,2025-04-25,48.88,205.3
5,2025-04-25,383.73,1611.67
1,2025-04-26,32.64,137.09
2,2025-04-26,12.41,52.12
3,2025-04-26,39.75,166.95
4,2025-04-26,25.9,108.78
5,2025-04-26,133.33,559.99
1,2025-04-28,70.86,297.61
2,2025-04-28,20.35,85.47
3,2025-04-28,134.31,564.1
4,2025-04-28,48.51,203.74
5,2025-04-28,372.7,1565.34
1,2025-04-29,67.35,282.87
2,2025-04-29,20.97,88.07
3,2025-04-29,115.51,485.14
4,2025-04-29,46.03,193.33
5,2025-04-29,355.0,1491.0
1,2025-04-30,62.04,260.57
2,2025-04-30,20.6,86.52
3,2025-04-30,116.98,491.32
4,2025-04-30,48.11,202.06
5,2025-04-30,363.97,1528.67
1,2025-05-01,66.37,278.75
2,2025-05-01,20.28,85.18
3,2025-05-01,103.05,432.81
4,2025-05-01,47.41,199.12
5,2025-05-01,367.98,1545.52
1,2025-05-02,62.16,261.07
2,2025-05-02,21.28,89.38
3,2025-05-02,107.95,453.39
4,2025-05-02,46.88,196.9
5,2025-05-02,391.29,1643.42
1,2025-05-03,30.22,126.92
2,2025-05-03,12.99,54.56
3,2025-05-03,47.75,200.55
4,2025-05-03,24.68,103.66
5,2025-05-03,136.91,575.02
1,2025-05-05,64.38,270.4
2,2025-05-05,21.8,91.56
3,2025-05-05,139.49,585.86
4,2025-05-05,49.46,207.73
5,2025-05-05,338.42,1421.36
1,2025-05-06,66.32,278.54
2,2025-05-06,20.34,85.43
3,2025-05-06,133.26,559.69
4,2025-05-06,50.62,212.6
5,2025-05-06,302.22,1269.32
1,2025-05-07,73.1,307.02
2,2025-05-07,22.35,93.87
3,2025-05-07,111.12,466.7
4,2025-05-07,46.1,193.62
5,2025-05-07,418.11,1756.06
1,2025-05-08,66.72,280.22
2,2025-05-08,22.51,94.54
3,2025-05-08,114.6,481.32
4,2025-05-08,50.97,214.07
5,2025-05-08,351.0,1474.2
1,2025-05-09,72.56,304.75
2,2025-05-09,21.71,91.18
3,2025-05-09,117.1,491.82
4,2025-05-09,49.41,207.52
5,2025-05-09,400.99,1684.16
1,2025-05-10,27.95,117.39
2,2025-05-10,12.1,50.82
3,2025-05-10,44.16,185.47
4,2025-05-10,26.22,110.12
5,2025-05-10,134.14,563.39
1,2025-05-12,68.19,286.4
2,2025-05-12,21.32,89.54
3,2025-05-12,110.77,465.23
4,2025-05-12,46.55,195.51
5,2025-05-12,365.75,1536.15
1,2025-05-13,68.54,287.87
2,2025-05-13,20.82,87.44
3,2025-05-13,115.8,486.36
4,2025-05-13,46.73,196.27
5,2025-05-13,367.62,1544.0
1,2025-05-14,63.49,266.66
2,2025-05-14,21.14,88.79
3,2025-05-14,137.7,578.34
4,2025-05-14,49.29,207.02
5,2025-05-14,336.48,1413.22
1,2025-05-15,65.97,277.07
2,2025-05-15,21.6,90.72
3,2025-05-15,128.04,537.77
4,2025-05-15,49.48,207.82
5,2025-05-15,382.01,1604.44
1,2025-05-16,57.83,242.89
2,2025-05-16,21.61,90.76
3,2025-05-16,109.4,459.48
4,2025-05-16,46.02,193.28
5,2025-05-16,308.77,1296.83
1,2025-05-17,30.89,129.74
2,2025-05-17,12.44,52.25
3,2025-05-17,51.87,217.85
4,2025-05-17,26.97,113.27
5,2025-05-17,143.08,600.94
1,2025-05-19,67.61,283.96
2,2025-05-19,20.76,87.19
3,2025-05-19,116.69,490.1
4,2025-05-19,48.4,203.28
5,2025-05-19,369.72,1552.82
1,2025-05-20,73.78,309.88
2,2025-05-20,21.38,89.8
3,2025-05-20,117.17,492.11
4,2025-05-20,43.94,184.55
5,2025-05-20,365.66,1535.77
1,2025-05-21,60.08,252.34
2,2025-05-21,21.67,91.01
3,2025-05-21,107.58,451.84
4,2025-05-21,47.8,200.76
5,2025-05-21,388.2,1630.44
1,2025-05-22,67.49,283.46
2,2025-05-22,21.34,89.63
3,2025-05-22,113.79,477.92
4,2025-05-22,45.47,190.97
5,2025-05-22,275.84,1158.53
1,2025-05-23,64.25,269.85
2,2025-05-23,21.1,88.62
3,2025-05-23,110.24,463.01
4,2025-05-23,44.38,186.4
5,2025-05-23,284.26,1193.89
1,2025-05-24,31.32,131.54
2,2025-05-24,12.79,53.72
3,2025-05-24,40.88,171.7
4,2025-05-24,24.67,103.61
5,2025-05-24,132.68,557.26
1,2025-05-26,60.07,252.29
2,2025-05-26,20.32,85.34
3,2025-05-26,122.42,514.16
4,2025-05-26,44.92,188.66
5,2025-05-26,314.38,1320.4
1,2025-05-27,68.76,288.79
2,2025-05-27,20.46,85.93
3,2025-05-27,138.31,580.9
4,2025-05-27,47.13,197.95
5,2025-05-27,309.07,1298.09
1,2025-05-28,64.03,268.93
2,2025-05-28,21.01,88.24
3,2025-05-28,126.64,531.89
4,2025-05-28,52.32,219.74
5,2025-05-28,342.07,1436.69
1,2025-05-29,65.17,273.71
2,2025-05-29,20.83,87.49
3,2025-05-29,131.58,552.64
4,2025-05-29,47.56,199.75
5,2025-05-29,349.47,1467.77
1,2025-05-30,72.57,304.79
2,2025-05-30,22.04,92.57
3,2025-05-30,121.3,509.46
4,2025-05-30,47.36,198.91
5,2025-05-30,378.74,1590.71
1,2025-05-31,31.03,130.33
2,2025-05-31,12.99,54.56
3,2025-05-31,45.24,190.01
4,2025-05-31,25.66,107.77
5,2025-05-31,131.55,552.51
1,2025-06-02,69.97,293.87
2,2025-06-02,22.53,94.63
3,2025-06-02,146.44,615.05
4,2025-06-02,56.19,236.0
5,2025-06-02,361.41,1517.92
1,2025-06-03,73.23,307.57
2,2025-06-03,22.92,96.26
3,2025-06-03,126.35,530.67
4,2025-06-03,53.81,226.0
5,2025-06-03,352.75,1481.55
1,2025-06-04,73.5,308.7
2,2025-06-04,22.69,95.3
3,2025-06-04,150.29,631.22
4,2025-06-04,51.31,215.5
5,2025-06-04,445.15,1869.63
1,2025-06-05,74.35,312.27
2,2025-06-05,24.0,100.8
3,2025-06-05,153.25,643.65
4,2025-06-05,52.59,220.88
5,2025-06-05,338.94,1423.55
1,2025-06-06,65.4,274.68
2,2025-06-06,24.52,102.98
3,2025-06-06,149.2,626.64
4,2025-06-06,49.4,207.48
5,2025-06-06,374.41,1572.52
1,2025-06-07,33.74,141.71
2,2025-06-07,13.9,58.38
3,2025-06-07,49.34,207.23
4,2025-06-07,27.23,114.37
5,2025-06-07,151.4,635.88
1,2025-06-09,75.02,315.08
2,2025-06-09,22.44,94.25
3,2025-06-09,121.15,508.83
4,2025-06-09,54.45,228.69
5,2025-06-09,421.53,1770.43
1,2025-06-10,70.18,294.76
2,2025-06-10,23.54,98.87
3,2025-06-10,136.35,572.67
4,2025-06-10,54.81,230.2
5,2025-06-10,341.81,1435.6
1,2025-06-11,78.43,329.41
2,2025-06-11,23.74,99.71
3,2025-06-11,170.95,717.99
4,2025-06-11,52.63,221.05
5,2025-06-11,378.95,1591.59
1,2025-06-12,66.6,279.72
2,2025-06-12,23.52,98.78
3,2025-06-12,139.27,584.93
4,2025-06-12,51.86,217.81
5,2025-06-12,377.15,1584.03
1,2025-06-13,61.66,258.97
2,2025-06-13,24.64,103.49
3,2025-06-13,126.94,533.15
4,2025-06-13,55.49,233.06
5,2025-06-13,368.29,1546.82
1,2025-06-14,33.97,142.67
2,2025-06-14,14.23,59.77
3,2025-06-14,53.93,226.51
4,2025-06-14,27.33,114.79
5,2025-06-14,126.38,530.8
1,2025-06-16,64.6,271.32
2,2025-06-16,23.7,99.54
3,2025-06-16,172.82,725.84
4,2025-06-16,51.59,216.68
5,2025-06-16,457.56,1921.75
1,2025-06-17,62.01,260.44
2,2025-06-17,22.58,94.84
3,2025-06-17,137.17,576.11
4,2025-06-17,53.91,226.42
5,2025-06-17,365.52,1535.18
1,2025-06-18,72.59,304.88
2,2025-06-18,24.12,101.3
3,2025-06-18,170.88,717.7
4,2025-06-18,56.41,236.92
5,2025-06-18,425.09,1785.38
1,2025-06-19,84.45,354.69
2,2025-06-19,23.9,100.38
3,2025-06-19,123.8,519.96
4,2025-06-19,48.17,202.31
5,2025-06-19,364.79,1532.12
1,2025-06-20,71.25,299.25
2,2025-06-20,23.41,98.32
3,2025-06-20,161.9,679.98
4,2025-06-20,57.3,240.66
5,2025-06-20,458.15,1924.23
1,2025-06-21,35.75,150.15
2,2025-06-21,13.87,58.25
3,2025-06-21,59.73,250.87
4,2025-06-21,26.78,112.48
5,2025-06-21,145.25,610.05
1,2025-06-23,71.33,299.59
2,2025-06-23,23.97,100.67
3,2025-06-23,126.83,532.69
4,2025-06-23,51.8,217.56
5,2025-06-23,356.48,1497.22
1,2025-06-24,76.57,321.59
2,2025-06-24,24.51,102.94
3,2025-06-24,132.99,558.56
4,2025-06-24,54.2,227.64
5,2025-06-24,402.52,1690.58
1,2025-06-25,70.97,298.07
2,2025-06-25,24.05,101.01
3,2025-06-25,134.17,563.51
4,2025-06-25,51.33,215.59
5,2025-06-25,473.34,1988.03
1,2025-06-26,62.93,264.31
2,2025-06-26,23.68,99.46
3,2025-06-26,154.9,650.58
4,2025-06-26,52.0,218.4
5,2025-06-26,389.62,1636.4
1,2025-06-27,74.1,311.22
2,2025-06-27,23.97,100.67
3,2025-06-27,163.03,684.73
4,2025-06-27,51.13,214.75
5,2025-06-27,359.81,1511.2
1,2025-06-28,31.82,133.64
2,2025-06-28,13.75,57.75
3,2025-06-28,55.83,234.49
4,2025-06-28,26.99,113.36
5,2025-06-28,147.23,618.37
1,2025-06-30,67.83,284.89
2,2025-06-30,23.14,97.19
3,2025-06-30,153.63,645.25
4,2025-06-30,52.18,219.16
5,2025-06-30,401.92,1688.06
1,2025-07-01,73.36,308.11
2,2025-07-01,25.02,105.08
3,2025-07-01,131.78,553.48
4,2025-07-01,54.46,228.73
5,2025-07-01,400.53,1682.23
1,2025-07-02,69.47,291.77
2,2025-07-02,24.02,100.88
3,2025-07-02,131.32,551.54
4,2025-07-02,50.87,213.65
5,2025-07-02,321.88,1351.9
1,2025-07-03,82.85,347.97
2,2025-07-03,24.72,103.82
3,2025-07-03,168.01,705.64
4,2025-07-03,52.19,219.2
5,2025-07-03,435.49,1829.06
1,2025-07-04,79.97,335.87
2,2025-07-04,23.52,98.78
3,2025-07-04,128.1,538.02
4,2025-07-04,53.24,223.61
5,2025-07-04,368.43,1547.41
1,2025-07-05,33.36,140.11
2,2025-07-05,13.61,57.16
3,2025-07-05,67.14,281.99
4,2025-07-05,28.67,120.41
5,2025-07-05,154.53,649.03
1,2025-07-07,73.65,309.33
2,2025-07-07,23.37,98.15
3,2025-07-07,156.78,658.48
4,2025-07-07,54.28,227.98
5,2025-07-07,399.61,1678.36
1,2025-07-08,60.54,254.27
2,2025-07-08,24.03,100.93
3,2025-07-08,151.89,637.94
4,2025-07-08,56.06,235.45
5,2025-07-08,339.12,1424.3
1,2025-07-09,72.98,306.52
2,2025-07-09,22.9,96.18
3,2025-07-09,151.39,635.84
4,2025-07-09,55.97,235.07
5,2025-07-09,400.9,1683.78
1,2025-07-10,69.3,291.06
2,2025-07-10,24.69,103.7
3,2025-07-10,120.62,506.6
4,2025-07-10,52.63,221.05
5,2025-07-10,423.39,1778.24
1,2025-07-11,68.92,289.46
2,2025-07-11,22.97,96.47
3,2025-07-11,139.86,587.41
4,2025-07-11,54.04,226.97
5,2025-07-11,407.43,1711.21
1,2025-07-12,35.02,147.08
2,2025-07-12,13.04,54.77
3,2025-07-12,48.13,202.15
4,2025-07-12,29.04,121.97
5,2025-07-12,156.62,657.8
1,2025-07-14,83.03,348.73
2,2025-07-14,23.79,99.92
3,2025-07-14,134.99,566.96
4,2025-07-14,52.9,222.18
5,2025-07-14,365.0,1533.0
1,2025-07-15,63.62,267.2
2,2025-07-15,24.13,101.35
3,2025-07-15,112.3,471.66
4,2025-07-15,58.56,245.95
5,2025-07-15,367.39,1543.04
1,2025-07-16,72.51,304.54
2,2025-07-16,23.59,99.08
3,2025-07-16,146.04,613.37
4,2025-07-16,54.66,229.57
5,2025-07-16,404.08,1697.14
1,2025-07-17,68.69,288.5
2,2025-07-17,23.13,97.15
3,2025-07-17,149.5,627.9
4,2025-07-17,56.88,238.9
5,2025-07-17,456.92,1919.06
1,2025-07-18,77.68,326.26
2,2025-07-18,22.15,93.03
3,2025-07-18,144.46,606.73
4,2025-07-18,54.16,227.47
5,2025-07-18,401.18,1684.96
1,2025-07-19,32.78,137.68
2,2025-07-19,13.96,58.63
3,2025-07-19,55.37,232.55
4,2025-07-19,26.73,112.27
5,2025-07-19,184.96,776.83
1,2025-07-21,77.13,323.95
2,2025-07-21,23.01,96.64
3,2025-07-21,149.87,629.45
4,2025-07-21,53.56,224.95
5,2025-07-21,347.09,1457.78
1,2025-07-22,65.28,274.18
2,2025-07-22,22.84,95.93
3,2025-07-22,147.29,618.62
4,2025-07-22,56.13,235.75
5,2025-07-22,406.44,1707.05
1,2025-07-23,73.26,307.69
2,2025-07-23,24.27,101.93
3,2025-07-23,135.46,568.93
4,2025-07-23,50.58,212.44
5,2025-07-23,364.55,1531.11
1,2025-07-24,73.65,309.33
2,2025-07-24,23.06,96.85
3,2025-07-24,155.32,652.34
4,2025-07-24,50.81,213.4
5,2025-07-24,452.71,1901.38
1,2025-07-25,68.41,287.32
2,2025-07-25,23.52,98.78
3,2025-07-25,119.09,500.18
4,2025-07-25,53.5,224.7
5,2025-07-25,449.23,1886.77
1,2025-07-26,33.08,138.94
2,2025-07-26,13.31,55.9
3,2025-07-26,52.46,220.33
4,2025-07-26,27.1,113.82
5,2025-07-26,147.2,618.24
1,2025-07-28,72.85,305.97
2,2025-07-28,23.58,99.04
3,2025-07-28,149.94,629.75
4,2025-07-28,50.87,213.65
5,2025-07-28,390.68,1640.86
1,2025-07-29,75.72,318.02
2,2025-07-29,23.46,98.53
3,2025-07-29,112.95,474.39
4,2025-07-29,58.61,246.16
5,2025-07-29,305.67,1283.81
1,2025-07-30,67.5,283.5
2,2025-07-30,23.36,98.11
3,2025-07-30,152.14,638.99
4,2025-07-30,53.08,222.94
5,2025-07-30,374.94,1574.75
1,2025-07-31,70.2,294.84
2,2025-07-31,24.11,101.26
3,2025-07-31,143.68,603.46
4,2025-07-31,53.57,224.99
5,2025-07-31,402.48,1690.42
1,2025-08-01,73.41,308.32
2,2025-08-01,24.26,101.89
3,2025-08-01,112.06,470.65
4,2025-08-01,57.66,242.17
5,2025-08-01,432.53,1816.63
1,2025-08-02,34.59,145.28
2,2025-08-02,13.81,58.0
3,2025-08-02,63.42,266.36
4,2025-08-02,28.35,119.07
5,2025-08-02,162.87,684.05
1,2025-08-04,79.3,333.06
2,2025-08-04,24.65,103.53
3,2025-08-04,162.94,684.35
4,2025-08-04,58.25,244.65
5,2025-08-04,429.18,1802.56
1,2025-08-05,71.0,298.2
2,2025-08-05,23.44,98.45
3,2025-08-05,135.55,569.31
4,2025-08-05,55.72,234.02
5,2025-08-05,315.08,1323.34
1,2025-08-06,67.28,282.58
2,2025-08-06,24.17,101.51
3,2025-08-06,122.77,515.63
4,2025-08-06,54.78,230.08
5,2025-08-06,461.63,1938.85
1,2025-08-07,69.71,292.78
2,2025-08-07,23.39,98.24
3,2025-08-07,131.62,552.8
4,2025-08-07,59.2,248.64
5,2025-08-07,421.41,1769.92
1,2025-08-08,75.55,317.31
2,2025-08-08,23.45,98.49
3,2025-08-08,133.83,562.09
4,2025-08-08,54.67,229.61
5,2025-08-08,415.2,1743.84
1,2025-08-09,32.85,137.97
2,2025-08-09,14.31,60.1
3,2025-08-09,60.22,252.92
4,2025-08-09,29.5,123.9
5,2025-08-09,189.7,796.74
1,2025-08-11,81.29,341.42
2,2025-08-11,24.53,103.03
3,2025-08-11,154.75,649.95
4,2025-08-11,53.5,224.7
5,2025-08-11,382.74,1607.51
1,2025-08-12,71.09,298.58
2,2025-08-12,22.19,93.2
3,2025-08-12,139.6,586.32
4,2025-08-12,53.44,224.45
5,2025-08-12,424.06,1781.05
1,2025-08-13,73.49,308.66
2,2025-08-13,23.87,100.25
3,2025-08-13,114.45,480.69
4,2025-08-13,51.11,214.66
5,2025-08-13,410.61,1724.56
1,2025-08-14,66.86,280.81
2,2025-08-14,22.8,95.76
3,2025-08-14,139.13,584.35
4,2025-08-14,60.21,252.88
5,2025-08-14,424.27,1781.93
1,2025-08-15,68.44,287.45
2,2025-08-15,22.47,94.37
3,2025-08-15,150.24,631.01
4,2025-08-15,51.07,214.49
5,2025-08-15,353.1,1483.02
1,2025-08-16,32.83,137.89
2,2025-08-16,13.18,55.36
3,2025-08-16,65.15,273.63
4,2025-08-16,27.05,113.61
5,2025-08-16,163.15,685.23
1,2025-08-18,63.0,264.6
2,2025-08-18,24.59,103.28
3,2025-08-18,122.58,514.84
4,2025-08-18,48.94,205.55
5,2025-08-18,445.91,1872.82
1,2025-08-19,75.09,315.38
2,2025-08-19,24.45,102.69
3,2025-08-19,130.93,549.91
4,2025-08-19,57.57,241.79
5,2025-08-19,385.63,1619.65
1,2025-08-20,68.88,289.3
2,2025-08-20,22.89,96.14
3,2025-08-20,148.01,621.64
4,2025-08-20,51.01,214.24
5,2025-08-20,415.6,1745.52
1,2025-08-21,68.24,286.61
2,2025-08-21,23.1,97.02
3,2025-08-21,147.17,618.11
4,2025-08-21,53.22,223.52
5,2025-08-21,333.87,1402.25
1,2025-08-22,71.0,298.2
2,2025-08-22,24.47,102.77
3,2025-08-22,149.82,629.24
4,2025-08-22,51.63,216.85
5,2025-08-22,379.15,1592.43
1,2025-08-23,32.87,138.05
2,2025-08-23,13.4,56.28
3,2025-08-23,56.87,238.85
4,2025-08-23,28.75,120.75
5,2025-08-23,137.11,575.86
1,2025-08-25,70.2,294.84
2,2025-08-25,23.83,100.09
3,2025-08-25,119.79,503.12
4,2025-08-25,53.1,223.02
5,2025-08-25,420.66,1766.77
1,2025-08-26,71.94,302.15
2,2025-08-26,22.7,95.34
3,2025-08-26,148.96,625.63
4,2025-08-26,54.52,228.98
5,2025-08-26,399.45,1677.69
1,2025-08-27,58.86,247.21
2,2025-08-27,22.74,95.51
3,2025-08-27,163.4,686.28
4,2025-08-27,52.22,219.32
5,2025-08-27,388.03,1629.73
1,2025-08-28,75.69,317.9
2,2025-08-28,22.08,92.74
3,2025-08-28,164.08,689.14
4,2025-08-28,52.73,221.47
5,2025-08-28,453.1,1903.02
1,2025-08-29,71.22,299.12
2,2025-08-29,22.73,95.47
3,2025-08-29,134.46,564.73
4,2025-08-29,52.39,220.04
5,2025-08-29,331.26,1391.29
1,2025-08-30,33.44,140.45
2,2025-08-30,13.37,56.15
3,2025-08-30,57.48,241.42
4,2025-08-30,27.52,115.58
5,2025-08-30,132.02,554.48
1,2025-09-01,62.84,263.93
2,2025-09-01,21.09,88.58
3,2025-09-01,117.11,491.86
4,2025-09-01,47.89,201.14
5,2025-09-01,408.55,1715.91
1,2025-09-02,62.28,261.58
2,2025-09-02,20.99,88.16
3,2025-09-02,114.79,482.12
4,2025-09-02,53.17,223.31
5,2025-09-02,331.94,1394.15
1,2025-09-03,68.77,288.83
2,2025-09-03,22.64,95.09
3,2025-09-03,112.14,470.99
4,2025-09-03,50.19,210.8
5,2025-09-03,405.59,1703.48
1,2025-09-04,61.07,256.49
2,2025-09-04,21.63,90.85
3,2025-09-04,110.21,462.88
4,2025-09-04,49.4,207.48
5,2025-09-04,387.76,1628.59
1,2025-09-05,63.12,265.1
2,2025-09-05,20.83,87.49
3,2025-09-05,114.83,482.29
4,2025-09-05,54.79,230.12
5,2025-09-05,344.77,1448.03
1,2025-09-06,29.65,124.53
2,2025-09-06,12.84,53.93
3,2025-09-06,42.41,178.12
4,2025-09-06,26.65,111.93
5,2025-09-06,165.63,695.65
1,2025-09-08,67.93,285.31
2,2025-09-08,21.58,90.64
3,2025-09-08,102.32,429.74
4,2025-09-08,48.28,202.78
5,2025-09-08,434.17,1823.51
1,2025-09-09,60.54,254.27
2,2025-09-09,21.44,90.05
3,2025-09-09,99.2,416.64
4,2025-09-09,55.6,233.52
5,2025-09-09,348.05,1461.81
1,2025-09-10,56.52,237.38
2,2025-09-10,20.78,87.28
3,2025-09-10,123.53,518.83
4,2025-09-10,47.48,199.42
5,2025-09-10,281.18,1180.96
1,2025-09-11,58.53,245.83
2,2025-09-11,21.6,90.72
3,2025-09-11,130.82,549.44
4,2025-09-11,47.69,200.3
5,2025-09-11,331.39,1391.84
1,2025-09-12,62.7,263.34
2,2025-09-12,20.59,86.48
3,2025-09-12,118.56,497.95
4,2025-09-12,44.03,184.93
5,2025-09-12,399.26,1676.89
1,2025-09-13,30.25,127.05
2,2025-09-13,12.87,54.05
3,2025-09-13,46.16,193.87
4,2025-09-13,24.33,102.19
5,2025-09-13,114.03,478.93
1,2025-09-15,62.08,260.74
2,2025-09-15,21.25,89.25
3,2025-09-15,112.04,470.57
4,2025-09-15,46.86,196.81
5,2025-09-15,342.13,1436.95
1,2025-09-16,69.34,291.23
2,2025-09-16,22.16,93.07
3,2025-09-16,97.36,408.91
4,2025-09-16,49.8,209.16
5,2025-09-16,418.38,1757.2
1,2025-09-17,63.53,266.83
2,2025-09-17,20.9,87.78
3,2025-09-17,123.4,518.28
4,2025-09-17,45.31,190.3
5,2025-09-17,377.95,1587.39
1,2025-09-18,59.88,251.5
2,2025-09-18,21.31,89.5
3,2025-09-18,110.07,462.29
4,2025-09-18,47.15,198.03
5,2025-09-18,360.92,1515.86
1,2025-09-19,71.67,301.01
2,2025-09-19,22.54,94.67
3,2025-09-19,123.2,517.44
4,2025-09-19,47.74,200.51
5,2025-09-19,371.41,1559.92
1,2025-09-20,29.65,124.53
2,2025-09-20,12.87,54.05
3,2025-09-20,46.02,193.28
4,2025-09-20,24.15,101.43
5,2025-09-20,147.76,620.59
1,2025-09-22,63.95,268.59
2,2025-09-22,21.19,89.0
3,2025-09-22,113.8,477.96
4,2025-09-22,52.19,219.2
5,2025-09-22,429.75,1804.95
1,2025-09-23,69.14,290.39
2,2025-09-23,21.46,90.13
3,2025-09-23,116.71,490.18
4,2025-09-23,48.94,205.55
5,2025-09-23,377.3,1584.66
1,2025-09-24,70.86,297.61
2,2025-09-24,20.6,86.52
3,2025-09-24,91.21,383.08
4,2025-09-24,52.55,220.71
5,2025-09-24,343.48,1442.62
1,2025-09-25,62.11,260.86
2,2025-09-25,22.03,92.53
3,2025-09-25,123.23,517.57
4,2025-09-25,44.86,188.41
5,2025-09-25,392.1,1646.82
1,2025-09-26,60.65,254.73
2,2025-09-26,21.45,90.09
3,2025-09-26,109.73,460.87
4,2025-09-26,50.81,213.4
5,2025-09-26,400.28,1681.18
1,2025-09-27,29.5,123.9
2,2025-09-27,12.46,52.33
3,2025-09-27,41.34,173.63
4,2025-09-27,24.55,103.11
5,2025-09-27,131.38,551.8
1,2025-09-29,62.36,261.91
2,2025-09-29,20.74,87.11
3,2025-09-29,117.87,495.05
4,2025-09-29,51.53,216.43
5,2025-09-29,368.09,1545.98
1,2025-09-30,62.47,262.37
2,2025-09-30,21.77,91.43
3,2025-09-30,116.8,490.56
4,2025-09-30,44.88,188.5
5,2025-09-30,333.5,1400.7
1,2025-10-01,63.55,266.91
2,2025-10-01,20.51,86.14
3,2025-10-01,111.65,468.93
4,2025-10-01,46.59,195.68
5,2025-10-01,385.29,1618.22
1,2025-10-02,69.88,293.5
2,2025-10-02,21.13,88.75
3,2025-10-02,107.45,451.29
4,2025-10-02,51.83,217.69
5,2025-10-02,335.95,1410.99
1,2025-10-03,61.3,257.46
2,2025-10-03,22.1,92.82
3,2025-10-03,107.26,450.49
4,2025-10-03,47.97,201.47
5,2025-10-03,306.48,1287.22
1,2025-10-04,25.65,107.73
2,2025-10-04,13.01,54.64
3,2025-10-04,52.78,221.68
4,2025-10-04,25.33,106.39
5,2025-10-04,144.73,607.87
1,2025-10-06,68.65,288.33
2,2025-10-06,21.5,90.3
3,2025-10-06,102.69,431.3
4,2025-10-06,44.94,188.75
5,2025-10-06,367.72,1544.42
1,2025-10-07,63.95,268.59
2,2025-10-07,21.37,89.75
3,2025-10-07,119.95,503.79
4,2025-10-07,55.43,232.81
5,2025-10-07,389.24,1634.81
1,2025-10-08,62.11,260.86
2,2025-10-08,21.28,89.38
3,2025-10-08,118.8,498.96
4,2025-10-08,53.33,223.99
5,2025-10-08,343.3,1441.86
1,2025-10-09,61.26,257.29
2,2025-10-09,21.33,89.59
3,2025-10-09,110.92,465.86
4,2025-10-09,47.08,197.74
5,2025-10-09,359.0,1507.8
1,2025-10-10,56.45,237.09
2,2025-10-10,21.78,91.48
3,2025-10-10,127.68,536.26
4,2025-10-10,47.77,200.63
5,2025-10-10,359.78,1511.08
1,2025-10-11,29.07,122.09
2,2025-10-11,12.77,53.63
3,2025-10-11,46.53,195.43
4,2025-10-11,25.06,105.25
5,2025-10-11,113.77,477.83
1,2025-10-13,66.72,280.22
2,2025-10-13,21.67,91.01
3,2025-10-13,102.37,429.95
4,2025-10-13,48.68,204.46
5,2025-10-13,376.73,1582.27
1,2025-10-14,69.72,292.82
2,2025-10-14,22.07,92.69
3,2025-10-14,118.81,499.0
4,2025-10-14,48.85,205.17
5,2025-10-14,386.59,1623.68
1,2025-10-15,68.88,289.3
2,2025-10-15,21.73,91.27
3,2025-10-15,110.56,464.35
4,2025-10-15,54.93,230.71
5,2025-10-15,357.35,1500.87
1,2025-10-16,69.06,290.05
2,2025-10-16,20.67,86.81
3,2025-10-16,106.78,448.48
4,2025-10-16,49.7,208.74
5,2025-10-16,310.95,1305.99
1,2025-10-17,61.5,258.3
2,2025-10-17,21.54,90.47
3,2025-10-17,94.18,395.56
4,2025-10-17,52.05,218.61
5,2025-10-17,311.94,1310.15
1,2025-10-18,29.56,124.15
2,2025-10-18,12.0,50.4
3,2025-10-18,48.41,203.32
4,2025-10-18,27.09,113.78
5,2025-10-18,146.97,617.27
1,2025-10-20,65.97,277.07
2,2025-10-20,21.6,90.72
3,2025-10-20,108.44,455.45
4,2025-10-20,45.9,192.78
5,2025-10-20,350.55,1472.31
1,2025-10-21,60.34,253.43
2,2025-10-21,21.94,92.15
3,2025-10-21,116.95,491.19
4,2025-10-21,43.71,183.58
5,2025-10-21,343.74,1443.71
1,2025-10-22,61.3,257.46
2,2025-10-22,20.5,86.1
3,2025-10-22,100.55,422.31
4,2025-10-22,52.31,219.7
5,2025-10-22,391.1,1642.62
1,2025-10-23,55.81,234.4
2,2025-10-23,21.61,90.76
3,2025-10-23,113.17,475.31
4,2025-10-23,48.74,204.71
5,2025-10-23,408.8,1716.96
1,2025-10-24,63.85,268.17
2,2025-10-24,21.01,88.24
3,2025-10-24,107.5,451.5
4,2025-10-24,46.8,196.56
5,2025-10-24,370.03,1554.13
1,2025-10-25,30.2,126.84
2,2025-10-25,12.37,51.95
3,2025-10-25,43.17,181.31
4,2025-10-25,27.1,113.82
5,2025-10-25,150.61,632.56
1,2025-10-27,56.29,236.42
2,2025-10-27,20.49,86.06
3,2025-10-27,96.8,406.56
4,2025-10-27,50.98,214.12
5,2025-10-27,379.34,1593.23
1,2025-10-28,63.3,265.86
2,2025-10-28,22.14,92.99
3,2025-10-28,106.12,445.7
4,2025-10-28,53.0,222.6
5,2025-10-28,314.58,1321.24
1,2025-10-29,60.32,253.34
2,2025-10-29,21.35,89.67
3,2025-10-29,133.93,562.51
4,2025-10-29,49.05,206.01
5,2025-10-29,372.37,1563.95
1,2025-10-30,66.3,278.46
2,2025-10-30,22.05,92.61
3,2025-10-30,117.42,493.16
4,2025-10-30,52.35,219.87
5,2025-10-30,308.32,1294.94
1,2025-10-31,66.25,278.25
2,2025-10-31,21.89,91.94
3,2025-10-31,122.71,515.38
4,2025-10-31,48.74,204.71
5,2025-10-31,324.39,1362.44
1,2025-11-01,30.27,127.13
2,2025-11-01,12.47,52.37
3,2025-11-01,45.37,190.55
4,2025-11-01,24.67,103.61
5,2025-11-01,159.28,668.98
1,2025-11-03,61.84,259.73
2,2025-11-03,20.9,87.78
3,2025-11-03,123.49,518.66
4,2025-11-03,51.03,214.33
5,2025-11-03,358.97,1507.67
1,2025-11-04,54.05,227.01
2,2025-11-04,20.38,85.6
3,2025-11-04,131.74,553.31
4,2025-11-04,47.43,199.21
5,2025-11-04,368.52,1547.78
1,2025-11-05,60.69,254.9
2,2025-11-05,21.68,91.06
3,2025-11-05,108.87,457.25
4,2025-11-05,48.4,203.28
5,2025-11-05,296.47,1245.17
1,2025-11-06,55.63,233.65
2,2025-11-06,21.49,90.26
3,2025-11-06,116.67,490.01
4,2025-11-06,45.87,192.65
5,2025-11-06,315.28,1324.18
1,2025-11-07,61.77,259.43
2,2025-11-07,20.95,87.99
3,2025-11-07,100.02,420.08
4,2025-11-07,50.05,210.21
5,2025-11-07,408.17,1714.31
1,2025-11-08,29.68,124.66
2,2025-11-08,12.51,52.54
3,2025-11-08,45.09,189.38
4,2025-11-08,27.3,114.66
5,2025-11-08,118.23,496.57
1,2025-11-10,64.22,269.72
2,2025-11-10,21.11,88.66
3,2025-11-10,112.26,471.49
4,2025-11-10,51.14,214.79
5,2025-11-10,347.38,1459.0
1,2025-11-11,56.4,236.88
2,2025-11-11,22.06,92.65
3,2025-11-11,118.89,499.34
4,2025-11-11,52.0,218.4
5,2025-11-11,351.32,1475.54
1,2025-11-12,62.77,263.63
2,2025-11-12,21.66,90.97
3,2025-11-12,114.29,480.02
4,2025-11-12,51.38,215.8
5,2025-11-12,386.3,1622.46
1,2025-11-13,59.49,249.86
2,2025-11-13,20.9,87.78
3,2025-11-13,128.08,537.94
4,2025-11-13,50.94,213.95
5,2025-11-13,354.97,1490.87
1,2025-11-14,69.75,292.95
2,2025-11-14,22.35,93.87
3,2025-11-14,115.36,484.51
4,2025-11-14,50.49,212.06
5,2025-11-14,363.25,1525.65
1,2025-11-15,30.7,128.94
2,2025-11-15,13.04,54.77
3,2025-11-15,43.85,184.17
4,2025-11-15,24.15,101.43
5,2025-11-15,159.12,668.3
1,2025-11-17,56.74,238.31
2,2025-11-17,21.65,90.93
3,2025-11-17,119.38,501.4
4,2025-11-17,49.54,208.07
5,2025-11-17,345.18,1449.76
1,2025-11-18,65.93,276.91
2,2025-11-18,21.42,89.96
3,2025-11-18,97.28,408.58
4,2025-11-18,48.88,205.3
5,2025-11-18,331.75,1393.35
1,2025-11-19,62.25,261.45
2,2025-11-19,22.5,94.5
3,2025-11-19,116.32,488.54
4,2025-11-19,45.49,191.06
5,2025-11-19,288.9,1213.38
1,2025-11-20,62.52,262.58
2,2025-11-20,22.73,95.47
3,2025-11-20,113.18,475.36
4,2025-11-20,48.97,205.67
5,2025-11-20,422.94,1776.35
1,2025-11-21,68.21,286.48
2,2025-11-21,20.91,87.82
3,2025-11-21,100.01,420.04
4,2025-11-21,48.49,203.66
5,2025-11-21,314.64,1321.49
1,2025-11-22,28.02,117.68
2,2025-11-22,12.67,53.21
3,2025-11-22,45.67,191.81
4,2025-11-22,25.2,105.84
5,2025-11-22,131.12,550.7
1,2025-11-24,56.14,235.79
2,2025-11-24,20.55,86.31
3,2025-11-24,98.5,413.7
4,2025-11-24,50.34,211.43
5,2025-11-24,372.32,1563.74
1,2025-11-25,61.28,257.38
2,2025-11-25,22.31,93.7
3,2025-11-25,105.11,441.46
4,2025-11-25,49.87,209.45
5,2025-11-25,364.94,1532.75
1,2025-11-26,64.92,272.66
2,2025-11-26,20.75,87.15
3,2025-11-26,116.17,487.91
4,2025-11-26,53.81,226.0
5,2025-11-26,324.77,1364.03
1,2025-11-27,68.82,289.04
2,2025-11-27,21.96,92.23
3,2025-11-27,111.86,469.81
4,2025-11-27,48.39,203.24
5,2025-11-27,307.47,1291.37
1,2025-11-28,71.14,298.79
2,2025-11-28,21.54,90.47
3,2025-11-28,115.32,484.34
4,2025-11-28,49.47,207.77
5,2025-11-28,332.26,1395.49
1,2025-11-29,28.02,117.68
2,2025-11-29,12.8,53.76
3,2025-11-29,55.18,231.76
4,2025-11-29,25.16,105.67
5,2025-11-29,141.25,593.25
1,2025-12-01,58.8,246.96
2,2025-12-01,19.75,82.95
3,2025-12-01,98.72,414.62
4,2025-12-01,47.44,199.25
5,2025-12-01,322.89,1356.14
1,2025-12-02,61.88,259.9
2,2025-12-02,20.03,84.13
3,2025-12-02,105.54,443.27
4,2025-12-02,48.48,203.62
5,2025-12-02,412.39,1732.04
1,2025-12-03,65.44,274.85
2,2025-12-03,21.17,88.91
3,2025-12-03,104.65,439.53
4,2025-12-03,45.52,191.18
5,2025-12-03,309.31,1299.1
1,2025-12-04,66.22,278.12
2,2025-12-04,19.33,81.19
3,2025-12-04,97.09,407.78
4,2025-12-04,45.69,191.9
5,2025-12-04,343.2,1441.44
1,2025-12-05,59.66,250.57
2,2025-12-05,20.12,84.5
3,2025-12-05,115.44,484.85
4,2025-12-05,51.44,216.05
5,2025-12-05,366.05,1537.41
1,2025-12-06,27.07,113.69
2,2025-12-06,11.91,50.02
3,2025-12-06,40.36,169.51
4,2025-12-06,24.02,100.88
5,2025-12-06,124.92,524.66
1,2025-12-08,63.98,268.72
2,2025-12-08,21.17,88.91
3,2025-12-08,133.09,558.98
4,2025-12-08,46.05,193.41
5,2025-12-08,346.16,1453.87
1,2025-12-09,55.5,233.1
2,2025-12-09,21.32,89.54
3,2025-12-09,95.46,400.93
4,2025-12-09,48.98,205.72
5,2025-12-09,377.06,1583.65
1,2025-12-10,61.65,258.93
2,2025-12-10,20.21,84.88
3,2025-12-10,97.3,408.66
4,2025-12-10,51.1,214.62
5,2025-12-10,335.01,1407.04
1,2025-12-11,59.81,251.2
2,2025-12-11,21.06,88.45
3,2025-12-11,86.95,365.19
4,2025-12-11,49.43,207.61
5,2025-12-11,374.44,1572.65
1,2025-12-12,64.05,269.01
2,2025-12-12,20.0,84.0
3,2025-12-12,98.02,411.68
4,2025-12-12,48.75,204.75
5,2025-12-12,405.7,1703.94
1,2025-12-13,27.53,115.63
2,2025-12-13,11.81,49.6
3,2025-12-13,39.81,167.2
4,2025-12-13,23.81,100.0
5,2025-12-13,108.71,456.58
1,2025-12-15,57.97,243.47
2,2025-12-15,20.07,84.29
3,2025-12-15,120.28,505.18
4,2025-12-15,46.34,194.63
5,2025-12-15,427.29,1794.62
1,2025-12-16,62.57,262.79
2,2025-12-16,19.36,81.31
3,2025-12-16,112.68,473.26
4,2025-12-16,47.69,200.3
5,2025-12-16,335.45,1408.89
1,2025-12-17,62.35,261.87
2,2025-12-17,21.37,89.75
3,2025-12-17,103.06,432.85
4,2025-12-17,47.34,198.83
5,2025-12-17,333.22,1399.52
1,2025-12-18,61.02,256.28
2,2025-12-18,19.63,82.45
3,2025-12-18,121.72,511.22
4,2025-12-18,41.52,174.38
5,2025-12-18,313.38,1316.2
1,2025-12-19,64.42,270.56
2,2025-12-19,20.12,84.5
3,2025-12-19,104.73,439.87
4,2025-12-19,46.06,193.45
5,2025-12-19,333.29,1399.82
1,2025-12-20,28.17,118.31
2,2025-12-20,12.08,50.74
3,2025-12-20,40.47,169.97
4,2025-12-20,23.7,99.54
5,2025-12-20,117.91,495.22
1,2025-12-22,56.17,235.91
2,2025-12-22,19.58,82.24
3,2025-12-22,91.02,382.28
4,2025-12-22,45.03,189.13
5,2025-12-22,316.38,1328.8
1,2025-12-23,61.17,256.91
2,2025-12-23,20.33,85.39
3,2025-12-23,79.83,335.29
4,2025-12-23,49.32,207.14
5,2025-12-23,358.32,1504.94
1,2025-12-24,63.4,266.28
2,2025-12-24,21.37,89.75
3,2025-12-24,91.97,386.27
4,2025-12-24,42.97,180.47
5,2025-12-24,281.36,1181.71
1,2025-12-25,59.03,247.93
2,2025-12-25,21.02,88.28
3,2025-12-25,122.59,514.88
4,2025-12-25,41.99,176.36
5,2025-12-25,308.93,1297.51
1,2025-12-26,57.83,242.89
2,2025-12-26,20.0,84.0
3,2025-12-26,108.19,454.4
4,2025-12-26,42.43,178.21
5,2025-12-26,372.52,1564.58
1,2025-12-27,30.23,126.97
2,2025-12-27,12.41,52.12
3,2025-12-27,37.89,159.14
4,2025-12-27,23.95,100.59
5,2025-12-27,134.84,566.33
1,2025-12-29,66.58,279.64
2,2025-12-29,20.61,86.56
3,2025-12-29,102.01,428.44
4,2025-12-29,44.24,185.81
5,2025-12-29,374.7,1573.74
1,2025-12-30,59.75,250.95
2,2025-12-30,19.77,83.03
3,2025-12-30,116.05,487.41
4,2025-12-30,43.88,184.3
5,2025-12-30,376.41,1580.92
1,2025-12-31,56.19,236.0
2,2025-12-31,20.44,85.85
3,2025-12-31,96.72,406.22
4,2025-12-31,46.41,194.92
5,2025-12-31,317.13,1331.95
